PC1_NPC,PC1_DAN,Group
-0.075278602,0.087338232,A
-0.06404284,0.088668714,A
-0.078627826,0.073135823,A
-0.092741068,0.058463333,A
-0.107183607,0.042859141,A
-0.082881622,0.065832542,A
-0.06143355,0.086226948,A
-0.085958895,0.060081971,A
-0.057299279,0.08687722,A
-0.050638174,0.092880236,A
-0.069174301,0.074054763,A
-0.067902684,0.074616756,A
-0.060077115,0.080828879,A
-0.064784023,0.075581123,A
-0.080459533,0.059623132,A
-0.093229629,0.046171699,A
-0.062872178,0.076510348,A
-0.067422155,0.071668724,A
-0.069180608,0.068724344,A
-0.070916731,0.066802684,A
-0.064115276,0.073039479,A
-0.059714766,0.076833754,A
-0.04572794,0.09079602,A
-0.054011923,0.082345391,A
-0.082317592,0.053435878,A
-0.05853719,0.076508156,A
-0.060341571,0.073699972,A
-0.078776156,0.055196611,A
-0.06200309,0.071892586,A
-0.041757371,0.091863079,A
-0.061068812,0.072416088,A
-0.063878074,0.069412013,A
-0.060537677,0.072308265,A
-0.058153528,0.073701766,A
-0.061419862,0.069214147,A
-0.061379891,0.067955512,A
-0.055519359,0.073785846,A
-0.068892828,0.058854858,A
-0.062402078,0.064958141,A
-0.053272194,0.074031586,A
-0.066159979,0.060772774,A
-0.065245787,0.061621663,A
-0.064234247,0.062143647,A
-0.054561516,0.070833092,A
-0.057194289,0.066659397,A
-0.031851662,0.091678714,A
-0.054219627,0.069001893,A
-0.071507007,0.050264546,A
0.005272027,0.126809512,A
-0.029102205,0.092423866,A
-0.050686753,0.070403989,A
-0.075711069,0.045275786,A
-0.063481715,0.057327411,A
-0.076530833,0.044181715,A
-0.080200639,0.040452101,A
-0.054150465,0.066348878,A
-0.042152829,0.078054161,A
-0.073649189,0.04638575,A
-0.052317125,0.067343869,A
-0.035677386,0.08394473,A
-0.096847471,0.022718549,A
-0.075130615,0.044377105,A
-0.056471057,0.062949342,A
-0.05308134,0.064769474,A
-0.052195915,0.065605285,A
-0.053197989,0.064551111,A
-0.044893549,0.072664918,A
-0.048380252,0.068730619,A
-0.071589222,0.045349609,A
-0.068484707,0.048227967,A
-0.041832694,0.07477914,A
-0.046620371,0.069267822,A
-0.014176891,0.10074809,A
-0.062030652,0.052605592,A
-0.051116482,0.063461725,A
-0.016429654,0.097920377,A
-0.029401013,0.084698406,A
-0.041271188,0.072684175,A
-0.060237026,0.053314179,A
-0.0248493,0.087947819,A
-0.08909521,0.023560481,A
-0.07067854,0.041874773,A
-0.053906251,0.058379897,A
-0.05096136,0.061217884,A
-0.039349504,0.072809137,A
-0.035519561,0.076440859,A
-0.064735266,0.047143153,A
-0.040681808,0.071058383,A
-0.037270066,0.074166349,A
-0.071587781,0.03977862,A
-0.026379332,0.084885598,A
-0.072823401,0.038236345,A
-0.093218611,0.017822129,A
-0.07495733,0.035489085,A
-0.050034769,0.058786543,A
-0.025222252,0.083345335,A
-0.062985454,0.045003635,A
-0.030939573,0.076562716,A
-0.031996241,0.075212619,A
-0.056049571,0.051109778,A
-0.056860357,0.05002712,A
-0.103721188,0.003064724,A
-0.039066657,0.067375812,A
-0.071921294,0.034264213,A
-0.022621907,0.083376745,A
-0.071255691,0.034555924,A
-0.044843635,0.060348185,A
-0.007189958,0.097994161,A
-0.025532701,0.079459957,A
-0.05816943,0.046811896,A
-0.0047619,0.100073008,A
-0.067921083,0.036704942,A
-0.062432066,0.041853581,A
-0.016949406,0.085829295,A
-0.053498343,0.049053374,A
0.000330648,0.102853277,A
-0.019374907,0.083102754,A
-0.039136262,0.0632289,A
-0.056238566,0.046051861,A
-0.072088353,0.030172205,A
-0.030724097,0.071531744,A
-0.078438513,0.023596807,A
-0.042524625,0.059197964,A
-0.087919956,0.013768822,A
-0.030825201,0.070669046,A
0.036988824,0.138374929,A
-0.009924292,0.091386096,A
-0.034171896,0.066853993,A
-0.04482677,0.056065563,A
-0.097469697,0.003355287,A
-0.092420576,0.008229704,A
-0.076385199,0.024262246,A
-0.020666115,0.079773666,A
-0.020682587,0.079717251,A
-0.054284207,0.046006554,A
-0.036751556,0.063509415,A
-0.050951503,0.049187886,A
-0.022590783,0.077521864,A
-0.065447981,0.034445758,A
-0.097121029,0.002572375,A
-0.062341861,0.036940138,A
-0.067492253,0.031611727,A
-0.023083492,0.075521373,A
-0.030460928,0.068101238,A
-0.069880946,0.028555632,A
-0.085342858,0.012551778,A
-0.034691908,0.062855862,A
-0.039205516,0.057783729,A
-0.071000657,0.025857579,A
-0.033700825,0.062934726,A
-0.040204661,0.056277758,A
-0.087066911,0.009209968,A
-0.048497483,0.047693081,A
0.000605846,0.096746182,A
-0.043702291,0.052078936,A
-0.066336549,0.029224874,A
-0.071592396,0.023854567,A
-0.098438304,-0.0032112,A
-0.039910067,0.055273717,A
-0.083912492,0.011224417,A
-0.008723875,0.086280493,A
-0.013692059,0.081272774,A
-0.059014759,0.035866491,A
-0.040555505,0.053887661,A
-0.045058079,0.04906036,A
0.003517837,0.097583334,A
-0.090760721,0.003039831,A
-0.051750318,0.041632824,A
-0.062370282,0.030904724,A
-0.097235001,-0.004139654,A
-0.029280355,0.063792857,A
-0.048526366,0.04446271,A
-0.043315487,0.04926304,A
-0.081619109,0.010859264,A
-0.038322634,0.054145935,A
-0.032004126,0.060013627,A
-0.050959685,0.041023746,A
-0.050643038,0.04133056,A
-0.058269899,0.033498825,A
-0.028624795,0.062928097,A
-0.018353241,0.073164996,A
-0.007276335,0.084076604,A
-0.081403491,0.009835876,A
-0.008637343,0.082520598,A
-0.058249326,0.032765811,A
-0.043886694,0.047033077,A
-0.044206292,0.046652087,A
-0.081102098,0.009746578,A
-0.064582613,0.026187534,A
-0.031490708,0.058553998,A
-0.075006649,0.015011113,A
-0.055810528,0.03408964,A
-0.027694454,0.061245779,A
-0.078594267,0.010014646,A
-0.057776279,0.030769714,A
-0.088289833,7.24E-05,A
-0.058143319,0.030047872,A
-0.054464015,0.033503476,A
-0.030055693,0.057896596,A
-0.043897228,0.043942888,A
-0.001379277,0.086037728,A
-0.076904064,0.010511603,A
-0.07235862,0.015002082,A
-0.069114211,0.017848931,A
-0.046507175,0.040442982,A
-0.034496127,0.052064913,A
-0.055940505,0.030351586,A
-0.051030844,0.035131283,A
-0.083124787,0.002507561,A
-0.04559913,0.039981173,A
-0.027028751,0.058354334,A
-0.051197081,0.034050281,A
-0.076633757,0.008595078,A
-0.032923378,0.052259053,A
-0.041627957,0.043483181,A
-0.010429553,0.074516311,A
-0.039036095,0.045266523,A
-0.091268773,-0.006970509,A
-0.052380367,0.031880085,A
-0.104443545,-0.020231124,A
-0.056738396,0.027461391,A
-0.074595233,0.009374646,A
-0.030888505,0.052914517,A
-0.041130032,0.042439527,A
-0.076328058,0.007218264,A
-0.025426098,0.058070022,A
-0.041308584,0.042187391,A
-0.044429575,0.038868139,A
-0.043089749,0.040120655,A
-0.08993241,-0.007482809,A
-0.050966465,0.031423422,A
-0.07921802,0.003092135,A
-0.053435027,0.028491879,A
-0.033730103,0.048189607,A
-0.084155492,-0.002264189,A
-0.00708761,0.074526259,A
-0.011588421,0.069893374,A
0.000214234,0.081595907,A
-0.060312114,0.020938264,A
-0.033478346,0.04771844,A
-0.085559985,-0.00443954,A
-0.036170449,0.044818935,A
-0.013336784,0.067625439,A
-0.034767829,0.046182517,A
-0.088631701,-0.007898068,A
-0.002957219,0.077456201,A
-0.080152285,0.000229071,A
-0.112070332,-0.031971237,A
-0.047771223,0.032221183,A
-0.063954594,0.015736842,A
-0.026300574,0.053238493,A
-0.051186119,0.028197229,A
-0.034538143,0.044441617,A
0.016459214,0.095432813,A
-0.047207206,0.031713516,A
-0.018884873,0.059888908,A
-0.040396016,0.038048326,A
-0.041877951,0.036540266,A
-0.050036025,0.02835422,A
-0.046226464,0.032136484,A
-0.042651369,0.035569758,A
-0.101809066,-0.023610716,A
0.016976947,0.09488837,A
-0.077021098,0.000389959,A
-0.028873077,0.047819285,A
-0.055069519,0.021326068,A
-0.082392149,-0.006089173,A
-0.039508098,0.036387772,A
-0.087028844,-0.011234057,A
-0.032342787,0.043306007,A
-0.055035811,0.020543392,A
0.024181484,0.099679295,A
0.010233125,0.085721984,A
-0.048615378,0.026703913,A
-0.008334129,0.066976148,A
-0.03522219,0.040041051,A
-0.073548335,0.001693768,A
-0.05053506,0.024402534,B
-0.076455033,-0.001579372,B
-0.04212587,0.032735597,B
0.009163358,0.083681138,B
-0.028465751,0.045992143,B
-0.101714784,-0.027311919,B
-0.081732549,-0.007330407,B
0.007402998,0.081777916,B
-0.099936275,-0.025570237,B
-0.017971769,0.056332311,B
-0.011960976,0.062292606,B
-0.057022519,0.016962308,B
-0.022403414,0.051537745,B
-0.023157607,0.050750525,B
-0.040747145,0.033129445,B
-0.011741972,0.061983768,B
-0.001722039,0.071994709,B
-0.017780795,0.055828557,B
-0.019958871,0.053457218,B
-0.038748026,0.034632485,B
-0.061029309,0.012313564,B
-0.036014046,0.037320134,B
-0.099809615,-0.026682432,B
-0.05344479,0.019624418,B
-0.058965015,0.013777496,B
-0.021435176,0.051223596,B
-0.100675221,-0.028215777,B
0.017292723,0.089536818,B
-0.029782294,0.042444428,B
-0.032328599,0.039543225,B
-0.089010134,-0.017272769,B
-0.048432274,0.022981051,B
0.075869705,0.147213767,B
-0.011872754,0.059345088,B
-0.034000833,0.037103799,B
0.008349081,0.079353255,B
-0.050967645,0.020017842,B
-0.027002433,0.043895976,B
-0.076925556,-0.006218948,B
-0.063239542,0.007295911,B
-0.041703795,0.02873679,B
-0.068106573,0.002038506,B
-0.030953469,0.039168793,B
-0.012298495,0.057735778,B
-0.075444848,-0.005413951,B
-0.104391769,-0.034474447,B
-0.032181141,0.037670735,B
-0.050925234,0.018726485,B
-0.020143322,0.049434718,B
-0.056558641,0.012932647,B
-0.021390168,0.04790281,B
0.001848434,0.071055655,B
-0.050835815,0.018130942,B
-0.058788033,0.010079688,B
-0.025064022,0.043566043,B
-0.066570817,0.001983853,B
0.050508286,0.119049438,B
-0.067779746,0.000681539,B
-0.05607799,0.011969072,B
-0.085398332,-0.017469184,B
-0.061260554,0.006636519,B
-0.104876786,-0.036996793,B
-0.055304835,0.012475601,B
-0.03280992,0.034777974,B
0.08093417,0.148437409,B
-0.049558969,0.017918438,B
-0.055389086,0.011930711,B
0.02510768,0.0924158,B
-0.054128724,0.013168486,B
-0.080283296,-0.013047575,B
-0.055237543,0.011817877,B
-0.019643698,0.04737226,B
-0.050194696,0.016817812,B
-0.038145483,0.028519618,B
-0.038808594,0.027809224,B
-0.104749004,-0.038363855,B
-0.076274078,-0.00995009,B
-0.063588458,0.002603473,B
-0.003294837,0.062889377,B
-0.05497433,0.010899584,B
-0.096706056,-0.030863496,B
-0.095299091,-0.029901135,B
-0.083238126,-0.017870504,B
-0.077276152,-0.011976096,B
0.013871186,0.07913769,B
-0.005203929,0.059745627,B
-0.08740839,-0.022509826,B
-0.078885505,-0.014503553,B
-0.041260446,0.023063128,B
-0.022201493,0.042077238,B
-0.022462987,0.0416407,B
-0.006473612,0.057150491,B
-0.018632357,0.044921842,B
0.029017303,0.092535596,B
0.001078361,0.064535554,B
-0.069397814,-0.006010989,B
-0.054604414,0.00867079,B
-0.034357621,0.028892982,B
-0.00376847,0.059446107,B
-0.019510033,0.043336344,B
-0.082198657,-0.019356162,B
-0.054948803,0.007871506,B
0.033132234,0.095868646,B
-0.07527738,-0.01265647,B
-0.1081709,-0.045558863,B
-0.024698033,0.037772581,B
0.004611307,0.067042705,B
-0.053341678,0.009034942,B
-0.059638927,0.002629212,B
-0.038152118,0.024115257,B
-0.073950716,-0.011708228,B
0.011193843,0.073392226,B
-0.061536825,0.000657084,B
-0.066752392,-0.004795381,B
-0.04900329,0.012940774,B
-0.072649013,-0.010737658,B
-0.017012559,0.044844203,B
-0.027740783,0.034102407,B
-0.051980042,0.009643331,B
-0.080086116,-0.018591504,B
-0.039498961,0.021956918,B
-0.014691948,0.04661258,B
-0.01639051,0.044834748,B
-0.04772724,0.013445693,B
-0.03705068,0.024071035,B
-0.031874282,0.028941466,B
-0.06006171,0.000719406,B
-0.089487059,-0.028762868,B
-0.049911861,0.010792151,B
-0.080386045,-0.019918475,B
-0.088708306,-0.028257529,B
-0.114495564,-0.054237488,B
-0.016500335,0.043717528,B
-0.041031266,0.018664174,B
-0.057530883,0.002077444,B
0.020719775,0.080035697,B
-0.049082352,0.010139449,B
-0.042641845,0.016495612,B
-0.036915034,0.022042294,B
-0.034243886,0.024671836,B
-0.023265553,0.035578904,B
-0.048741457,0.010055861,B
-0.033671071,0.025105175,B
-0.020189047,0.038573618,B
-0.014035395,0.044633666,B
-0.05555402,0.003100835,B
-0.075664284,-0.017149045,B
-0.070370082,-0.011895404,B
-0.007311601,0.051142418,B
-0.110378444,-0.051996409,B
-0.077022109,-0.018774459,B
-0.056573268,0.001662488,B
0.019968574,0.078157693,B
-0.067084779,-0.008911179,B
0.03401312,0.092159688,B
0.018016108,0.076162506,B
-0.069025177,-0.010927895,B
-0.005799025,0.052287312,B
0.0186142,0.076507943,B
-0.071395421,-0.013542259,B
-0.026908016,0.030920822,B
-0.070939419,-0.01311833,B
-0.089269252,-0.031462394,B
-0.027234053,0.030562006,B
0.088111297,0.145849352,B
0.00078438,0.058373608,B
-0.030647857,0.026855491,B
-0.075487505,-0.0185059,B
-0.055443887,0.001501547,B
0.098538481,0.155420198,B
0.098732014,0.155590933,B
0.103753306,0.160553299,B
-0.015195733,0.041421847,B
-0.037843906,0.018762917,B
-0.068234152,-0.01167604,B
0.050381136,0.106691282,B
-0.068242513,-0.011994087,B
-0.08144649,-0.025440227,B
-0.025461332,0.03051714,B
-0.037145372,0.018650526,B
-0.101061125,-0.045412758,B
-0.075429701,-0.019795447,B
-0.064796367,-0.009203649,B
-0.090885168,-0.035342533,B
0.007933564,0.06347019,B
-0.093387551,-0.037877461,B
-0.029798632,0.02560406,B
-0.06703286,-0.011690003,B
0.077975382,0.133243289,B
-0.06224929,-0.007231059,B
-0.026967588,0.028018852,B
-0.073553044,-0.018726785,B
-0.067083779,-0.012271053,B
0.003536784,0.058321224,B
-0.045323407,0.009369272,B
-0.087236988,-0.032564901,B
-0.043822855,0.010771925,B
-0.059336889,-0.004752299,B
-0.077058408,-0.022601561,B
-0.013703302,0.040633599,B
-0.059662465,-0.005357047,B
-0.003920357,0.050203345,B
0.03363871,0.087743293,B
-0.038595524,0.015421205,B
-0.03719559,0.016773961,B
0.047714366,0.101680146,B
-0.097215781,-0.043325934,B
0.022217136,0.076100015,B
-0.061174981,-0.007296987,B
0.013090902,0.06689057,B
0.013704074,0.067448631,B
-0.061345999,-0.007623847,B
-0.08006849,-0.0264818,B
-0.076582781,-0.023257665,B
-0.114507738,-0.061261851,B
-0.058487535,-0.005286182,B
-0.078634707,-0.025470036,B
0.08625744,0.139369952,B
-0.055099898,-0.00227729,B
-0.025024466,0.027607145,B
-0.086976475,-0.034376096,B
0.083233249,0.135734558,B
-0.049574532,0.002876716,B
-0.061009536,-0.008629233,B
-0.019070752,0.033301116,B
-0.038997583,0.013023317,B
-0.010440786,0.041523131,B
-0.066721492,-0.014782828,B
-0.094313593,-0.042528206,B
0.020710845,0.072480669,B
0.033159358,0.084916013,B
-0.012924514,0.038825722,B
0.112821413,0.164526162,B
0.047316288,0.098834449,B
0.030107711,0.081520942,B
-0.053773188,-0.002446625,B
0.029829312,0.081062248,B
-0.039379559,0.011699224,B
-0.094957229,-0.044150788,B
0.039406797,0.090178139,B
0.047692269,0.098394415,B
0.039525764,0.090218811,B
0.030656743,0.081318037,B
0.092141511,0.142705857,B
-0.04272342,0.007646724,B
-0.096828057,-0.046537005,B
-0.067223344,-0.017000545,B
0.11879119,0.169005649,B
-0.057599998,-0.007531775,B
0.032314234,0.082334596,B
-0.058155169,-0.008183501,B
-0.058391047,-0.008478877,B
-0.063434035,-0.013565531,B
-0.014347505,0.035302994,B
-0.054294099,-0.00470873,B
0.006498901,0.055843981,B
-0.048279214,0.000990851,B
0.110259023,0.159517489,B
0.03579302,0.085006339,B
-0.096090825,-0.046914403,B
-0.017909196,0.031259964,B
-0.047052396,0.002020399,B
-0.094537432,-0.045481947,B
-0.022991426,0.026054838,B
-0.063502054,-0.014601253,B
0.046501284,0.095295677,B
0.047274804,0.096011107,B
0.017353361,0.065978278,B
-0.086278753,-0.037657711,B
-0.09787606,-0.049478369,B
0.100723476,0.149087903,B
0.046300368,0.094571229,B
-0.084408629,-0.036328125,B
0.046313086,0.09439103,B
-0.082538161,-0.034570499,B
0.018608934,0.066544603,B
-0.006557643,0.041272872,B
-0.085216264,-0.037579384,B
-0.028193619,0.019353268,B
-0.010632204,0.036665738,B
0.054067306,0.100891705,B
0.052799352,0.099525907,B
0.021979704,0.068704576,B
-0.030313895,0.01640297,B
-0.021728706,0.024957481,B
-0.030490042,0.016180371,B
-0.066361641,-0.019795547,B
-0.057598824,-0.011057429,B
-0.079414687,-0.032961138,B
0.033648852,0.079905663,B
-0.063278877,-0.017057608,B
-0.034409433,0.011580742,B
-0.098724233,-0.052759857,B
-0.047703605,-0.001780722,B
0.002127853,0.048048503,B
-0.047491041,-0.001694011,B
-0.05753511,-0.011861888,B
-0.054526417,-0.008933011,B
-0.060892481,-0.015349857,B
-0.079419072,-0.033970917,B
-0.05121355,-0.005765604,B
-0.115126036,-0.069756459,B
-0.054314487,-0.009024076,B
0.023438904,0.068619682,B
-0.002643481,0.04247862,B
-0.00333459,0.041692294,B
0.036521094,0.081536656,B
-0.096636183,-0.051721172,B
-0.016383519,0.028505313,B
-0.080770295,-0.035910208,B
0.048524606,0.093196485,B
-0.090973719,-0.046315193,B
-0.103811497,-0.05920289,B
-0.021707913,0.022798285,B
-0.093883012,-0.049498509,B
-0.099727958,-0.05539465,B
-0.060542057,-0.016235667,B
-0.068114248,-0.023903851,B
-0.017087752,0.026935724,B
0.058348067,0.102320652,B
-0.005871568,0.038020112,B
-0.0683785,-0.024570441,B
-0.069136594,-0.02536954,B
0.007540066,0.051244784,B
-0.052783874,-0.00909241,B
-0.043645735,0,B
0.0621065,0.105631163,B
0.056209031,0.099706297,B
-0.049114538,-0.005618737,B
-0.004545793,0.038932711,B
-0.050220572,-0.0067922,B
-0.113944872,-0.070616686,B
-0.109802732,-0.066552393,B
-0.094805068,-0.051676941,B
-0.007894913,0.035228984,B
-0.100355457,-0.057238615,B
-0.037808238,0.005171576,B
0.050711665,0.09368013,B
0.095295057,0.138208315,B
-0.072634791,-0.030137917,B
0.044414273,0.08682235,B
-0.039688738,0.002702115,B
-0.071226861,-0.028862362,B
-0.069146261,-0.026862082,B
0.052748414,0.095031537,B
-0.065938634,-0.023800039,B
-0.079886247,-0.037752456,B
0.039267432,0.081376752,B
-0.023284679,0.018695838,B
-0.105535653,-0.063587478,B
-0.103532722,-0.061835364,B
-0.017873539,0.023760574,B
-0.005637488,0.035948524,B
0.005006412,0.046487545,B
0.001922306,0.043380012,B
-0.024890637,0.016539467,B
-0.013930279,0.02728304,B
-0.002031108,0.039099782,B
0.044747055,0.085814437,B
-0.049006609,-0.008087266,B
-0.061009298,-0.020092122,B
-0.085575901,-0.044671251,B
0.016636144,0.057334359,B
-0.051161725,-0.010496768,B
0.00507169,0.045655569,B
-0.100173688,-0.05971241,B
-0.023382621,0.016957896,B
-0.013877123,0.02644058,B
-0.031947818,0.008271042,B
0.048461506,0.088573007,B
0.058164751,0.098168282,B
0.101309853,0.141184945,B
-0.032558234,0.00725107,B
-0.011576056,0.02811982,B
0.005373337,0.045043771,B
-0.000896159,0.038702023,B
0.100955541,0.140495928,B
0.028574187,0.068104396,B
-0.015205466,0.024280561,B
0.023350708,0.062746634,B
0.022223361,0.061619056,B
-0.057976789,-0.018674503,B
-0.115303364,-0.076003039,B
-0.018980148,0.020251409,B
-0.021777776,0.017422012,B
-0.040921711,-0.001903815,B
0.063074979,0.102065474,B
-0.067157796,-0.028255258,B
-0.065842921,-0.026978016,B
0.058261941,0.097099001,B
-0.091945397,-0.053229935,B
-0.073922748,-0.035335592,B
-0.085610333,-0.047125647,B
-0.119753199,-0.081288523,B
-0.083165703,-0.044742057,B
-0.0801323,-0.041795349,B
-0.062298907,-0.024018574,B
-0.018061258,0.020174399,B
-0.004925134,0.033108396,B
0.008636437,0.046578705,B
-0.073311697,-0.035382881,B
0.010069917,0.04795859,B
-0.031589996,0.006296118,B
0.056319819,0.09414567,B
0.029628935,0.067434419,B
-0.011569051,0.026178401,B
-0.002934056,0.034709265,B
0.015879859,0.053513446,B
0.055344067,0.092970513,B
-0.068953348,-0.031356368,B
0.098233792,0.135735331,B
0.009150659,0.046608436,B
-0.05847627,-0.021039778,B
-0.01967634,0.017557116,B
-0.065309358,-0.028139668,B
0.032886385,0.069896928,B
-0.019115037,0.01776466,B
0.031325112,0.068017789,B
-0.03922333,-0.00253363,B
-0.06983035,-0.033190223,B
-0.006698636,0.029834605,B
-0.022137171,0.014358759,B
-0.072989512,-0.036572407,B
-0.106446986,-0.070050258,B
-0.075300195,-0.038907186,B
0.020213714,0.056530038,B
-0.009346636,0.026969492,B
0.102206207,0.138489048,B
-0.022895041,0.013330997,B
0.046247236,0.082466144,B
-0.066776976,-0.030671874,B
-0.052325424,-0.016247773,B
-0.079368693,-0.043429493,B
-0.039815498,-0.003927758,B
0.056915401,0.092802134,B
-0.074188987,-0.038327611,B
-0.033417055,0.002432989,B
-0.068108351,-0.032319997,B
-0.006673433,0.029097932,B
0.006971814,0.042722693,B
-0.027986334,0.007756112,B
-0.081166934,-0.045434962,B
0.001801622,0.037522194,B
-0.032427582,0.003262876,B
-0.010600449,0.024983378,B
-0.034955293,0.000558804,B
-0.033730728,0.001771084,B
0.068864536,0.104300914,B
-0.10942072,-0.074087847,B
-0.031333109,0.003927632,B
-0.048985814,-0.013735548,B
0.062783174,0.098031266,B
0.001776324,0.036974179,B
0.100973298,0.136146745,B
-0.073844811,-0.038962151,B
-0.059376368,-0.024549324,B
0.04582305,0.080629043,B
0.010343069,0.045137715,B
-0.082266314,-0.047501633,B
0.01500624,0.049752972,B
0.118807853,0.153521068,B
0.009207043,0.043866464,B
-0.103384988,-0.068817093,B
-0.068772417,-0.034242739,B
-0.050621261,-0.01614551,B
-0.029312562,0.005105647,B
-0.056745301,-0.022368236,B
-0.078521081,-0.04417824,B
0.042289491,0.076609655,B
-0.016234382,0.018074464,B
-0.059523152,-0.025231418,B
0.052944171,0.08720475,B
0.045256602,0.079446722,B
-0.074993441,-0.040869225,B
-0.007720177,0.026389172,B
0.07479061,0.108784396,B
-0.06806367,-0.034128709,B
0.116870133,0.150677802,B
-0.000381485,0.033353864,B
-0.06927493,-0.035541068,B
-0.036392631,-0.002674451,B
0.018655301,0.052373152,B
-0.015523148,0.018181909,B
0.016843497,0.050489159,B
-0.050770068,-0.017367277,B
0.069935616,0.1033125,B
0.002697861,0.036057316,B
0.122856707,0.156203806,B
0.032359704,0.065619316,B
0.00024389,0.033419194,B
-0.003674695,0.029337477,B
-0.041312405,-0.00835489,B
-0.082763865,-0.04986731,B
-0.073239119,-0.040367364,B
-0.053949375,-0.021150841,B
0.054340138,0.087127439,B
-0.028227628,0.004526831,B
-0.070196695,-0.037467306,B
0.01000297,0.042716233,B
0.014141432,0.046745897,B
0.11652034,0.14902537,B
-0.097462643,-0.064990329,B
-0.087131714,-0.054663362,B
-0.036141497,-0.003790509,B
-0.004629545,0.027655354,B
0.047990955,0.080269182,B
-0.078772344,-0.046582415,B
-0.086911377,-0.054733267,B
-0.087817772,-0.055667407,B
0.003489259,0.035630936,B
0.061321947,0.093358882,B
-0.004981202,0.027019257,B
0.024212063,0.056065386,B
-0.080068516,-0.048233606,B
0.043277241,0.075031574,B
-0.047066296,-0.015319232,B
0.060389223,0.092057564,B
-0.018560826,0.012957654,B
-0.095197649,-0.063684598,B
0.027276921,0.058666801,B
-0.073942169,-0.042601535,B
0.001091426,0.032382605,B
0.079264527,0.110508449,B
-0.055287592,-0.024072823,B
-0.091210323,-0.060005708,B
0.02666433,0.057867016,B
-0.07484915,-0.043663276,B
0.024072437,0.055237666,B
-0.040949385,-0.009873523,B
0.042601977,0.073658321,B
0.081594287,0.112646892,B
0.08224488,0.113179946,B
-0.089371386,-0.058468876,B
0.004234776,0.035082887,B
-0.067936887,-0.037174766,B
0.049661967,0.080410377,B
-0.044655694,-0.014004627,B
-0.045923635,-0.01527938,B
0.043050037,0.073483038,B
-0.061578917,-0.031199332,B
0.016422307,0.046794842,B
0.020488194,0.050794873,B
0.012412531,0.042643692,B
0.057389917,0.087531574,B
0.00488863,0.034960731,B
-0.072730247,-0.042712158,B
0.097804461,0.127797073,B
-0.074174111,-0.044240385,B
0.014227682,0.043948115,B
-0.004131257,0.025512646,B
0.06010189,0.08972156,B
-0.04096779,-0.011381935,B
0.008646929,0.038232452,B
-0.126127361,-0.096597593,B
-0.036073333,-0.006572466,B
-0.070545132,-0.041047961,B
0.014557074,0.043964353,B
-0.064345735,-0.034998905,B
0.036367615,0.065704621,B
-0.05860189,-0.029284577,B
-0.054231758,-0.024947484,B
0.007103438,0.036336362,B
0.009173968,0.038356321,B
-0.004740413,0.024340377,B
-0.106668541,-0.077602456,B
-0.072756608,-0.043776168,B
-0.071075801,-0.042098007,B
0.012570952,0.041544746,B
0.085018021,0.113958357,B
-0.054791051,-0.025948313,B
-0.045466973,-0.016674549,B
-0.064429736,-0.035747195,B
0.021010906,0.049660327,B
0.007990646,0.036628362,B
-0.070823132,-0.042212198,B
0.09520574,0.123814524,B
-0.076806088,-0.048244021,B
-0.058627117,-0.030075904,B
-0.026374423,0.002135619,B
-0.075587337,-0.047085144,B
0.084249563,0.112730091,B
-0.005554511,0.022903839,B
0.016266422,0.044675272,B
-0.060420783,-0.03205453,B
-0.072118536,-0.043755722,B
-0.052127827,-0.023836808,B
-0.053422526,-0.025170646,B
-0.067550465,-0.039334694,B
-0.065042453,-0.036849705,B
-0.024524187,0.003614015,B
-0.062695825,-0.034585942,B
-0.025736597,0.002359406,B
-0.06695199,-0.038864077,B
0.018711572,0.046791675,B
-0.044583689,-0.016617013,B
-0.070610156,-0.042685269,B
0.064122795,0.09198347,B
-0.056077348,-0.028244647,B
-0.086195796,-0.058368066,B
-0.039352306,-0.01157873,B
-0.025431607,0.002296794,B
0.103559983,0.131283953,B
-0.026547978,0.001151922,B
0.033385604,0.061080416,B
0.117915317,0.145575343,B
0.066579915,0.094170843,B
0.051444968,0.078989721,B
-0.072531882,-0.044995473,B
-0.057667702,-0.030134121,B
-0.050410206,-0.02287973,B
-0.055117444,-0.027608867,B
0.107907631,0.135411986,B
0.029666009,0.057164366,B
0.082710806,0.110186497,B
0.10620711,0.133630335,B
0.073083675,0.100460595,B
-0.027373346,-1.45E-05,B
-0.08449015,-0.057144846,B
-0.00919004,0.018038394,B
0.048363147,0.075590761,B
0.020398504,0.04757263,B
0.086611494,0.113780036,B
-0.008354231,0.018729168,B
-0.08723172,-0.060150158,B
-0.058504476,-0.031433018,B
0.119029648,0.146096221,B
-0.08106519,-0.054019451,B
-0.092386421,-0.065422938,B
-0.059551293,-0.032742444,B
0.003651393,0.030456152,B
0.019350421,0.046141546,B
-0.049780164,-0.023037164,B
-0.074336609,-0.047705919,B
-0.053317097,-0.026785913,B
-0.083569984,-0.057094193,B
-0.122186801,-0.095836652,B
-0.08314706,-0.056889481,B
-0.081872548,-0.055644225,B
-0.081611614,-0.055499627,B
-0.040290511,-0.014184668,B
0.039537551,0.065627435,B
0.104026844,0.130108679,B
-0.077874777,-0.05183452,B
-0.032492402,-0.006453794,B
0.062346909,0.088330987,B
-0.055466057,-0.02951118,B
-0.063203812,-0.037289815,B
0.024242015,0.050115529,B
0.097359818,0.123116697,B
0.05481441,0.080504149,B
-0.068956173,-0.043316663,B
-0.074091671,-0.048477252,B
-0.07547573,-0.049977119,B
-0.052744397,-0.027265492,B
-0.0452604,-0.019799188,B
-0.061947425,-0.036510881,B
-0.062427324,-0.037055495,B
0.070995049,0.096341281,B
-0.03668103,-0.011335787,B
0.02214958,0.047462554,B
-0.063384942,-0.038096997,B
0.01323323,0.038515007,B
-0.012678171,0.012555189,B
-0.07086723,-0.04563556,B
-0.065044635,-0.039826667,B
-0.064608094,-0.039402324,B
0.010275448,0.035427666,B
-0.048419974,-0.023293094,B
-0.070526278,-0.045491065,B
-0.057941687,-0.032916944,B
-0.052174095,-0.027153667,B
0.107251387,0.132271149,B
-0.081993364,-0.057034952,B
-0.063482362,-0.03866671,B
-0.008850929,0.015961765,B
-0.09374579,-0.069043351,B
0.132668936,0.157303722,B
-0.076675843,-0.052051753,B
0.059349327,0.083944539,B
0.01055307,0.035131003,B
-0.080089042,-0.055530296,B
-0.05654191,-0.032083818,B
-0.056819328,-0.032386737,B
0.020766696,0.045106695,B
0.124427227,0.148739135,B
-0.006121443,0.018186021,B
-0.03942232,-0.015220669,B
-0.071919998,-0.047805447,B
0.107146022,0.13123465,B
-0.056546635,-0.032517259,B
-0.063585565,-0.039628364,B
0.03937938,0.063336527,B
-0.037456459,-0.013552141,B
0.089924932,0.113782433,B
-0.061104827,-0.03725767,B
0.009647172,0.033438166,B
-0.060922978,-0.037143999,B
-0.002341294,0.021423534,B
-0.097193362,-0.073443781,B
-0.055350768,-0.03160773,B
-0.067917716,-0.044231652,B
-0.075653925,-0.051985053,B
0.056572405,0.08014941,B
-0.081213518,-0.057673356,B
0.086395275,0.109925191,B
-0.085279868,-0.06179661,B
0.10287094,0.126345094,B
-0.068962061,-0.045551144,B
-0.064661503,-0.041295767,B
-0.065870684,-0.042594129,B
0.026767871,0.050035389,B
-0.05559773,-0.032360186,B
0.017102321,0.040247689,B
-0.062779704,-0.039639464,B
0.063863447,0.086993552,B
-0.063339663,-0.040237214,B
0.01118829,0.034288574,B
-0.075790718,-0.052737777,B
-0.054912113,-0.031876541,B
-0.014104795,0.008901159,B
0.06425984,0.087262769,B
-0.081954497,-0.058968973,B
0.070181605,0.093138741,B
-0.062271757,-0.03944043,B
-0.072477799,-0.049712247,B
-0.084590564,-0.061837611,B
-0.010106604,0.01257882,B
0.08509915,0.107784375,B
-0.036324046,-0.013639158,B
-0.06287037,-0.040272795,B
-0.081743568,-0.059211812,B
0.1002141,0.122692383,B
-0.042735669,-0.020311988,B
-0.028882853,-0.006483352,B
-0.072496913,-0.050100582,B
-0.082432586,-0.060043792,B
-0.08408587,-0.061713969,B
0.018710935,0.041078358,B
0.065342877,0.087632429,B
0.036651645,0.058937806,B
0.142884932,0.165085248,B
0.077067876,0.099217013,B
0.079431412,0.101568331,B
0.004884821,0.026994751,B
0.086799672,0.108849357,B
0.023917522,0.045929512,B
-0.09010423,-0.068096908,B
0.145135131,0.167104307,B
0.106445931,0.128295293,B
0.045362422,0.067154051,B
-0.050953147,-0.029288517,B
-0.078626138,-0.05700057,B
-0.090209647,-0.068680214,B
0.015328029,0.036721294,B
0.0655066,0.086892519,B
-0.046166037,-0.024815928,B
0.055900241,0.077240661,B
0.048560566,0.06990056,B
0.063753599,0.085085376,B
-0.083312322,-0.061985038,B
0.102030397,0.123327636,B
0.065903296,0.087198239,B
0.097013809,0.1182454,B
-0.081634499,-0.060472061,B
-0.051752429,-0.030641586,B
-0.062801784,-0.041693924,B
0.097262556,0.11836235,B
0.060279651,0.081339821,B
-0.055812878,-0.034785075,B
0.001698587,0.02271979,B
-0.016505754,0.004437211,B
-0.05127419,-0.030336537,B
0.150444441,0.171324969,B
-0.013073678,0.007746355,B
-0.056951762,-0.036179247,B
0.036048181,0.056819158,B
0.037111787,0.057876928,B
0.023756872,0.044483198,B
0.033572939,0.05427134,B
-0.050243967,-0.029574105,B
-0.079142225,-0.058490438,B
-0.068682611,-0.048035262,B
0.021398456,0.042045562,B
-0.073619131,-0.05301862,B
-0.015559392,0.005021963,B
-0.073621009,-0.053103762,B
0.028282484,0.048780698,B
-0.080559494,-0.060087397,B
0.077157824,0.097418481,B
-0.004004979,0.016204817,B
-0.062819183,-0.042631118,B
0.04606987,0.06624575,B
-0.078069678,-0.057908092,B
-0.094153883,-0.073998262,B
-0.054106491,-0.034021062,B
-0.049153976,-0.029108537,B
-0.099491007,-0.079445927,B
-0.12876191,-0.108723014,B
-0.047836227,-0.027817042,B
-0.059061399,-0.039062046,B
0.08797792,0.107961529,B
-0.030071325,-0.010094657,B
-0.019565716,0.000381627,B
-0.075412281,-0.055472682,B
0.126403049,0.146271474,B
0.085490579,0.105345118,B
-0.04141646,-0.021582374,B
-0.078634871,-0.058830268,B
0.010430396,0.030234277,B
-0.071056147,-0.051254128,B
0.073996385,0.093778283,B
-0.023480252,-0.003720966,B
-0.018920053,0.000839131,B
-0.08015244,-0.060401823,B
0.052196158,0.071865641,B
-0.07932666,-0.059668307,B
-0.062984946,-0.043339399,B
0.016194353,0.035776769,B
0.022864931,0.042400943,B
0.000234968,0.01970755,B
-0.053340527,-0.033899761,B
-0.079172177,-0.059745957,B
-0.062978793,-0.043591334,B
-0.087749092,-0.068379044,B
0.062560766,0.081912094,B
-0.048767737,-0.029446165,B
-0.063721696,-0.04441113,B
-0.07404742,-0.054788668,B
-0.00251776,0.01669879,B
0.050904087,0.070097993,B
-0.053588004,-0.034416865,B
-0.058377485,-0.039216559,B
-0.044263795,-0.025109981,B
-0.082081089,-0.062931433,B
-0.016512357,0.002529841,B
-0.058297003,-0.039283127,B
0.069623587,0.088611759,B
-0.069715378,-0.050753738,B
0.023957734,0.042906932,B
0.085563096,0.104504994,B
-0.095482212,-0.076599184,B
0.042230998,0.061058263,B
0.125915147,0.144685582,B
0.071076102,0.0898403,B
-0.018525772,0.000166959,B
-0.069028547,-0.050379346,B
0.013741624,0.032386567,B
0.015664708,0.034295297,B
-0.071950674,-0.053331178,B
-0.029250228,-0.010667566,B
-0.081110903,-0.06256142,B
-0.062540822,-0.043993093,B
0.013009991,0.031556069,B
0.034354423,0.052886356,B
-0.069779386,-0.051250197,B
-0.075627089,-0.057129821,B
-0.043710116,-0.02521883,B
0.040500216,0.058935194,B
-0.032677254,-0.014258402,B
-0.077928643,-0.059539648,B
-0.067292943,-0.04893701,B
-0.005850479,0.012474235,B
-0.031045793,-0.01272491,B
-0.01883076,-0.000567667,B
-0.007510967,0.01073324,B
0.083445258,0.101636484,B
0.052338908,0.070529584,B
0.068855478,0.087021095,B
0.066316553,0.084479933,B
-0.064239003,-0.046082095,B
0.085655743,0.103773967,B
0.048621354,0.066735997,B
-0.058383332,-0.04027066,B
-0.065056319,-0.046969195,B
-0.067522042,-0.049452131,B
0.057297287,0.07535396,B
-0.072068173,-0.054055984,B
0.028436704,0.046436928,B
-0.029155037,-0.011181192,B
0.105407773,0.123332864,B
-0.101084995,-0.083168728,B
-0.082032003,-0.064118636,B
0.024635886,0.042511649,B
-0.068115389,-0.05029205,B
-0.081421329,-0.063644468,B
-0.073901806,-0.056156724,B
-0.048265566,-0.030537215,B
-0.014597635,0.003096845,B
0.084176828,0.101869696,B
0.037942489,0.055589588,B
-0.042910594,-0.02528468,B
0.061517649,0.079140846,B
-0.034036513,-0.016469723,B
-0.041101526,-0.02355023,B
-0.010246077,0.007283758,B
0.039749297,0.057272274,B
0.055656403,0.073179212,B
0.088950474,0.106451189,B
0.005631331,0.02313059,B
-0.062802888,-0.045320179,B
-0.067459181,-0.049981594,B
0.010640111,0.02811384,B
-0.078720763,-0.061276898,B
-0.061672186,-0.044264347,B
0.051007376,0.068406384,B
-0.070632196,-0.05323622,B
0.025325013,0.04271902,B
-0.046402283,-0.029037211,B
0.041005773,0.058322008,B
-0.06301687,-0.045710256,B
0.034164026,0.051448335,B
-0.025992367,-0.008726921,B
0.069851492,0.087100909,B
0.068817776,0.086057309,B
-0.004791963,0.012445198,B
-0.047657973,-0.03044459,B
-0.061338293,-0.044128101,B
0.031773485,0.048975748,B
-0.003191151,0.013935126,B
0.028363445,0.045474441,B
-0.023033859,-0.005988935,B
0.03432941,0.051352013,B
-0.074774121,-0.057770883,B
-0.059572973,-0.042601974,B
0.042741721,0.059710083,B
0.050931233,0.067863629,B
0.024707814,0.041639401,B
0.065339809,0.082219252,B
-0.037890833,-0.021055297,B
-0.0666109,-0.049798557,B
-0.09771406,-0.080925758,B
0.033745633,0.050527141,B
0.003041563,0.019813675,B
0.038421521,0.05518909,B
0.087329269,0.10406171,B
-0.009390076,0.007313158,B
-0.058487659,-0.041798628,B
0.058064468,0.074730942,B
0.071318262,0.087961133,B
0.064196199,0.080765279,B
0.066512284,0.083058422,B
-0.044756194,-0.028237178,B
-0.076646924,-0.060141904,B
0.034828539,0.051285424,B
-0.047404164,-0.030951102,B
0.062803771,0.079173858,B
0.004761694,0.021131423,B
-0.071167968,-0.054838164,B
-0.062554228,-0.046249102,B
0.04725033,0.063534952,B
0.048596342,0.064852932,B
0.14725127,0.163489413,B
-0.06505721,-0.048908942,B
-0.008123065,0.007985298,B
0.062945099,0.079046916,B
-0.032904609,-0.016832642,B
-0.071297049,-0.055234358,B
-0.059281054,-0.04323003,B
-0.019286362,-0.003238851,B
-0.016063049,-4.99E-05,B
-0.049730129,-0.033808331,B
-0.079342338,-0.063468392,B
-0.065719434,-0.049845807,B
-0.064599256,-0.048779974,B
0.036071445,0.051878363,B
-0.051283354,-0.035479147,B
-0.066711783,-0.050909356,B
0.057319471,0.073114352,B
-0.057990311,-0.04220393,B
-0.084338746,-0.068646562,B
-0.063862335,-0.048201646,B
-0.06930296,-0.05367401,B
-0.057096766,-0.0415374,B
0.06456083,0.080114425,B
0.066549528,0.082082275,B
-0.07646282,-0.060945996,B
-0.070589458,-0.055098749,B
-0.058852904,-0.043370532,B
0.048666975,0.06413674,B
0.059042121,0.074502588,B
-0.038993175,-0.023536278,B
0.048950474,0.064386309,B
0.065486394,0.080910283,B
-0.068416287,-0.052993973,B
-0.056953357,-0.041563234,B
-0.038409399,-0.023097893,B
-0.043792073,-0.028480627,B
-0.068422865,-0.053117095,B
-0.078457799,-0.063161783,B
-0.084617187,-0.069359281,B
-0.131268248,-0.11601741,B
0.109839915,0.125039879,B
-0.047203149,-0.032004381,B
0.084367771,0.099537319,B
-0.058176627,-0.043050127,B
0.104382449,0.119489841,B
0.087425774,0.102499525,B
-0.063748514,-0.048695147,B
-0.082059709,-0.06701028,B
-0.060533144,-0.045486175,B
0.066793421,0.081834118,B
-0.05361091,-0.038583857,B
-0.089232521,-0.07425936,B
-0.022319736,-0.007412629,B
0.131472703,0.146369168,B
0.087975476,0.10276962,B
-0.073343602,-0.058589146,B
-0.059012617,-0.044265833,B
-0.06386257,-0.04918968,B
-0.040383652,-0.025723298,B
0.04250333,0.057149725,B
-0.071705661,-0.0570712,B
0.082992366,0.097610988,B
0.0023905,0.01697328,B
-0.061002282,-0.046420588,B
0.056581119,0.071148531,B
0.046828419,0.06139165,B
0.068185844,0.08274324,B
-0.072734951,-0.058202378,B
-0.064362153,-0.049836664,B
-0.023088308,-0.008567294,B
0.084069711,0.098587755,B
0.048681344,0.063192502,B
-0.050404066,-0.035896643,B
-0.029191322,-0.014687261,B
-0.081761091,-0.067296584,B
0.048844369,0.063300315,B
0.072016148,0.086449537,B
0.165022911,0.179439784,B
-0.08668037,-0.072296978,B
0.068011642,0.082389234,B
0.098621236,0.112959994,B
0.010744717,0.025057339,B
-0.131684874,-0.117380902,B
0.090902099,0.105204126,B
0.111931724,0.126182578,B
-0.025845606,-0.011672647,B
-0.075998125,-0.061858743,B
0.048852541,0.062988395,B
0.065414553,0.079526224,B
-0.061920874,-0.047819615,B
0.101032073,0.11511603,B
-0.076099689,-0.062039428,B
-0.097701347,-0.083657032,B
-0.07836951,-0.064337089,B
0.029274404,0.043266972,B
-0.10261808,-0.088628724,B
-0.07498102,-0.060992258,B
-0.060008399,-0.046050965,B
-0.034104038,-0.020151872,B
-0.06154564,-0.047613938,B
0.053570911,0.067488743,B
-0.077487368,-0.063595075,B
0.039212279,0.05305886,B
-0.07074446,-0.056903104,B
-0.098554937,-0.084722875,B
0.039542731,0.053368248,B
0.055335995,0.069139185,B
0.09848167,0.112213174,B
-0.025776028,-0.012054633,B
0.030303814,0.043993334,B
-0.042068473,-0.02839185,B
-0.051377207,-0.037759647,B
0.000492889,0.014084986,B
0.067869574,0.081455891,B
0.084241576,0.097817588,B
0.015786578,0.029344384,B
-0.069334636,-0.055804439,B
0.08712827,0.100656001,B
-0.079756725,-0.066251747,B
-0.005138387,0.008363529,B
-0.097980751,-0.084487908,B
0.060244009,0.073728502,B
-0.063342389,-0.049895657,B
0.083207587,0.096641374,B
-0.004818942,0.008596354,B
0.020385842,0.033798558,B
0.053506149,0.066898192,B
0.035162938,0.048553102,B
0.081267769,0.094618471,B
-0.043849262,-0.030502701,B
-0.125360352,-0.112014454,B
0.072874356,0.086214434,B
0.004322787,0.017636635,B
-0.032824217,-0.019542194,B
-0.062432353,-0.04915317,B
0.084084263,0.097336209,B
0.014239829,0.027488475,B
-0.042477507,-0.02923253,B
-0.054549669,-0.04132732,B
-0.007646458,0.005574828,B
0.101416381,0.114628763,B
-0.059305093,-0.046103481,B
0.025905678,0.039084007,B
-0.049492459,-0.036331436,B
-0.061919008,-0.048769889,B
-0.042418318,-0.029292142,B
-0.053654097,-0.040563011,B
0.009840458,0.022918725,B
-0.071269627,-0.058220163,B
-0.10769803,-0.094649176,B
-0.04297794,-0.029941878,B
-0.105924789,-0.092891252,B
0.049416898,0.062444869,B
-0.040698456,-0.027718323,B
-0.064102511,-0.051155786,B
-0.048516616,-0.03557346,B
-0.037991463,-0.025066165,B
0.067616621,0.080498282,B
-0.13001432,-0.117134202,B
-0.080820971,-0.067979465,B
-0.076383935,-0.06358413,B
0.156842639,0.169623994,B
0.083649815,0.096410157,B
-0.06886049,-0.05612442,B
-0.082156472,-0.069495508,B
-0.066400677,-0.053741832,B
0.103769577,0.11639478,B
-0.044888777,-0.032266757,B
0.03772027,0.050305968,B
-0.022718449,-0.010156768,B
-0.078775322,-0.066230066,B
-0.010953838,0.001509229,B
-0.04524989,-0.032798756,B
0.005619812,0.018062299,B
-0.061002972,-0.048562722,B
-0.015429763,-0.00300714,B
0.016034788,0.028404086,B
-0.016798162,-0.004496332,B
-0.076358362,-0.064072487,B
0.08691609,0.099192023,B
-0.08605909,-0.073840623,B
0.156326612,0.168473149,B
-0.090149707,-0.078018103,B
-0.061330758,-0.049224136,B
-0.028781017,-0.016676294,B
-0.09608527,-0.083980878,B
0.099555591,0.111604703,B
-0.014120049,-0.002090401,B
0.038987312,0.050988199,B
-0.069948115,-0.057958586,B
0.056469566,0.068447674,B
0.11440185,0.126376488,B
0.078576642,0.090461848,B
-0.061123927,-0.049242435,B
-0.050475562,-0.038640136,B
-0.133939614,-0.122115452,B
-0.074655239,-0.062866253,B
0.079681508,0.09145878,B
0.086238931,0.097992097,B
0.067730822,0.079462907,B
0.045631226,0.057344135,B
-0.069014437,-0.05733932,B
-0.064779133,-0.053104271,B
-0.08956382,-0.077898757,B
-0.065979858,-0.05436281,B
0.072474057,0.084075166,B
0.099348945,0.110923179,B
0.094581211,0.106119213,B
-0.042931727,-0.031401755,B
-0.06319281,-0.051680576,B
0.063113807,0.074617928,B
-0.045416508,-0.033926284,B
-0.041353112,-0.029865566,B
0.08324738,0.094729888,B
-0.055579166,-0.044109113,B
-0.012461328,-0.001039878,B
0.011761842,0.023176844,B
-0.079484883,-0.0680792,B
-0.030512342,-0.019140007,B
-0.067242548,-0.055908973,B
-0.094196262,-0.082883099,B
0.156998099,0.168310077,B
-0.063465914,-0.05216702,B
0.059954273,0.071249237,B
-0.057535918,-0.046245809,B
-0.094836353,-0.083563414,B
-0.044647474,-0.033433231,B
-0.011640651,-0.000438624,B
0.076383713,0.087584828,B
-0.081736995,-0.07054038,B
-0.063196505,-0.052002046,B
-0.07118359,-0.05999823,B
-0.070269148,-0.059085319,B
0.088879879,0.100059446,B
-0.062577278,-0.051404918,B
0.06610741,0.077274796,B
0.102042555,0.113151174,B
-0.028988939,-0.017915667,B
-0.060353483,-0.049349783,B
0.065843074,0.076821198,B
-0.057996262,-0.047027128,B
-0.01307343,-0.002108291,B
0.129539733,0.140504655,B
-0.041964832,-0.031019658,B
-0.082007983,-0.071068176,B
0.040620304,0.051558819,B
0.038150236,0.049072478,B
-0.076994565,-0.06608288,B
-0.0752826,-0.064411021,B
-0.060584155,-0.049726035,B
-0.056767886,-0.045950939,B
-0.06740902,-0.056611455,B
-0.088329751,-0.077555406,B
-0.066679674,-0.055930687,B
-0.045719477,-0.034974568,B
0.075004114,0.085724763,B
-0.06658678,-0.055877878,B
-0.051610113,-0.040962889,B
-0.064005657,-0.053398976,B
-0.072997642,-0.062419883,B
-0.064932683,-0.054363343,B
-0.003773117,0.006757045,B
0.058903279,0.069406008,B
-0.023650982,-0.013165396,B
0.083262822,0.093730257,B
0.059579712,0.070032618,B
-0.08487055,-0.074426321,B
0.056214342,0.06663454,B
-0.046318827,-0.035908663,B
0.060765215,0.071175208,B
-0.080032234,-0.069646534,B
0.083634611,0.093991825,B
0.053927276,0.064281654,B
-0.07717028,-0.066833695,B
-0.061589146,-0.051290049,B
0.051732682,0.062022174,B
0.008092125,0.018356812,B
0.029105014,0.039364323,B
0.058552357,0.068799819,B
0.068905275,0.079145225,B
0.075096932,0.085327526,B
-0.063345494,-0.053124131,B
0.065885248,0.076083475,B
-0.08501291,-0.074820743,B
-0.129497928,-0.119319619,B
0.023970973,0.034147038,B
-0.052630376,-0.042515555,B
-0.059885085,-0.049788807,B
-0.061216805,-0.051129355,B
-0.07646521,-0.066384336,B
0.075825411,0.085881608,B
0.065761248,0.075807682,B
0.059739462,0.069759181,B
-0.051233911,-0.041219742,B
-0.078474344,-0.068463797,B
-0.046306752,-0.036343923,B
0.033553984,0.043501121,B
-0.060703714,-0.050763258,B
-0.063990893,-0.054062111,B
-0.041114297,-0.031226579,B
-0.064238188,-0.05435849,B
-0.031983193,-0.022132948,B
-0.063900149,-0.054051139,B
0.067136294,0.076950815,B
0.057328688,0.067140144,B
-0.063588569,-0.053811792,B
0.033444879,0.04320889,B
0.051372947,0.061135363,B
0.009763891,0.019489348,B
-0.069115774,-0.059393844,B
-0.129288712,-0.119575448,B
0.070357012,0.080065115,B
-0.057348314,-0.047650395,B
-0.075809668,-0.066135009,B
0.015609925,0.025271561,B
-0.075619976,-0.066038797,B
0.031253295,0.040816646,B
0.044657234,0.054220158,B
-0.001562279,0.007987361,B
-0.056055843,-0.046515088,B
-0.067846179,-0.058320812,B
0.04223239,0.051755446,B
-0.065262673,-0.055750115,B
-0.04828609,-0.038784545,B
-0.035206844,-0.025735658,B
0.054033781,0.06341521,B
-0.063833246,-0.054471042,B
-0.055343271,-0.046003937,B
0.063487323,0.072809322,B
0.002874266,0.012196227,B
-0.042372818,-0.033053276,B
-0.064900207,-0.05566187,B
0.053269587,0.062494006,B
-0.050787548,-0.04162663,B
-0.019396826,-0.010240536,B
-0.069934911,-0.060798428,B
0.060501503,0.06962002,B
0.006424688,0.015492717,B
-0.061167411,-0.052100135,B
-0.081260548,-0.072197499,B
-0.078553816,-0.069524947,B
-0.073920939,-0.064903453,B
-0.074833026,-0.0658419,B
-0.05748039,-0.04850127,B
-0.077024421,-0.068066599,B
-0.069463398,-0.06050625,B
-0.062359727,-0.053419725,B
0.082017027,0.090946821,B
0.037586244,0.046509835,B
-0.079386473,-0.070464393,B
-0.030129872,-0.021252729,B
-0.056271648,-0.047403647,B
0.079069696,0.087933755,B
-0.049426027,-0.040574895,B
-0.05874984,-0.049916335,B
-0.082203014,-0.073375314,B
-0.063845976,-0.055054292,B
-0.068238859,-0.059448987,B
0.038472529,0.047254767,B
0.064957603,0.073735063,B
-0.04158635,-0.032811905,B
-0.073365798,-0.064603286,B
-0.034668572,-0.025906896,B
-0.079116999,-0.070366955,B
-0.042659769,-0.033915227,B
-0.045180845,-0.036452996,B
-0.04647359,-0.03775588,B
-0.065702419,-0.057004194,B
0.055273436,0.063960607,B
0.082364741,0.091020179,B
0.07286673,0.08150292,B
-0.056377411,-0.047745532,B
0.100788968,0.109399497,B
-0.062232397,-0.053625172,B
0.071219718,0.07982624,B
0.028918752,0.03752382,B
-0.026647142,-0.018049688,B
-0.07334331,-0.064784193,B
0.060945105,0.069497047,B
-0.030246565,-0.021700179,B
-0.046949551,-0.038467108,B
-0.12746083,-0.118978644,B
-0.06355433,-0.055076022,B
0.096891848,0.105364681,B
0.089016879,0.097470001,B
0.060025123,0.068476859,B
0.058568849,0.067019573,B
-0.054925738,-0.046493998,B
0.021409863,0.029822251,B
-0.05587263,-0.047464121,B
-0.051916923,-0.043510497,B
-0.059101072,-0.050804894,B
-0.096312563,-0.088028641,B
-0.00836024,-0.0000848,B
0.016188844,0.024427901,B
0.088698869,0.096930845,B
-0.011639919,-0.003448075,B
0.075926745,0.084113241,B
0.01177288,0.019952577,B
-0.040975286,-0.032853079,B
0.057775654,0.065881391,B
-0.071314767,-0.063221682,B
-0.052851847,-0.044767018,B
0.027808622,0.035886795,B
-0.007132381,0.000936766,B
0.005293541,0.013362459,B
0.048492265,0.056522419,B
0.056264637,0.064285235,B
-0.056665487,-0.048668149,B
-0.012767843,-0.004784207,B
-0.066385484,-0.058403507,B
0.073766893,0.081721634,B
0.047185221,0.055120733,B
0.041552283,0.04948637,B
-0.039141382,-0.031212901,B
0.097666356,0.105572736,B
-0.074082976,-0.066186581,B
0.043537539,0.051416204,B
-0.065167732,-0.057306103,B
0.057631182,0.065451465,B
-0.078604028,-0.070790051,B
-0.085832725,-0.078030827,B
-0.05985743,-0.052062855,B
-0.116740692,-0.108959617,B
0.09894992,0.106710468,B
-0.062448129,-0.05468759,B
0.059469832,0.067215965,B
0.071010936,0.078747368,B
0.05944033,0.067153388,B
0.089195357,0.096873088,B
0.099524086,0.107186379,B
-0.080903395,-0.073248275,B
-0.056757996,-0.049136643,B
-0.055377633,-0.047759616,B
0.083559596,0.091139736,B
0.107000172,0.114573097,B
0.065842937,0.073402204,B
0.010163883,0.017715524,B
-0.056085226,-0.048542347,B
-0.075699559,-0.068188347,B
0.058869316,0.066371646,B
-0.038066731,-0.030570566,B
-0.08800858,-0.080521674,B
0.039302094,0.046783529,B
0.105396926,0.112876227,B
-0.076198844,-0.068733632,B
-0.07368309,-0.066220295,B
-0.061801395,-0.054339214,B
-0.002116191,0.005344073,B
-0.059713243,-0.052270827,B
-0.053364635,-0.045934093,B
0.008900002,0.016319317,B
-0.068197948,-0.06079035,B
0.056971745,0.064322496,B
-0.006204981,0.001066589,B
-0.048365921,-0.041094679,B
-0.046347917,-0.039108547,B
-0.069544306,-0.062315458,B
0.035503675,0.042727973,B
-0.026975755,-0.019774892,B
0.058086564,0.065267302,B
-0.095254345,-0.088078172,B
-0.064456753,-0.057297469,B
-0.061216433,-0.0540893,B
-0.050767354,-0.043648439,B
0.05037666,0.05746552,B
0.081787385,0.088876063,B
-0.079803638,-0.072715495,B
0.088067333,0.095141643,B
-0.043514072,-0.03645322,B
-0.076338318,-0.069311832,B
0.039422844,0.04644188,B
0.022304544,0.029319554,B
0.017704028,0.024711426,B
-0.057407807,-0.050406126,B
0.070165804,0.077165989,B
-0.104211213,-0.097212635,B
-0.018084072,-0.011124245,B
0.006993388,0.013951889,B
-0.072507826,-0.065566189,B
0.060429698,0.067351945,B
-0.031331253,-0.024415517,B
-0.002124239,0.00477755,B
0.059898344,0.066797513,B
0.114644824,0.12154333,B
0.113492289,0.120363374,B
-0.032660907,-0.025800551,B
0.061096095,0.067936788,B
-0.070899841,-0.064088773,B
-0.039552971,-0.032743196,B
0.098365076,0.105137531,B
-0.062993144,-0.0562248,B
-0.047276319,-0.040520767,B
-0.066404781,-0.059666814,B
-0.063689713,-0.05695973,B
0.049513762,0.056238218,B
-0.017205763,-0.010481774,B
-0.06982791,-0.063113968,B
-0.06369944,-0.056989535,B
-0.019705184,-0.013000958,B
-0.062922184,-0.056255032,B
-0.0626869,-0.05604647,B
0.061365032,0.067986016,B
-0.029469967,-0.022850218,B
0.037938015,0.044548975,B
0.056329306,0.062936679,B
-0.051675814,-0.045078587,B
-0.057993483,-0.051396911,B
0.063055307,0.069639963,B
-0.079431937,-0.072853995,B
-0.088373693,-0.081796255,B
-0.060559561,-0.054004225,B
-0.052317031,-0.045818299,B
0.082370504,0.088824616,B
-0.092191773,-0.085757295,B
-0.060870149,-0.054435811,B
0.054342121,0.060774894,B
-0.089424303,-0.083054162,B
-0.068581191,-0.062214795,B
0.103660635,0.11001235,B
0.075952356,0.082294613,B
0.014438869,0.020780557,B
-0.088414037,-0.082084496,B
0.047196017,0.053511284,B
-0.049970135,-0.043725213,B
0.062765809,0.068997943,B
0.105971648,0.112199084,B
0.049492971,0.055714481,B
-0.082401205,-0.076181853,B
0.013905285,0.020105557,B
-0.060274303,-0.054094381,B
0.077939301,0.084095661,B
-0.017952667,-0.011801613,B
-0.041455894,-0.035320971,B
-0.0098465,-0.003715448,B
-0.053314464,-0.047194121,B
0.065106278,0.0712218,B
-0.037843751,-0.031741972,B
0.07209058,0.078180521,B
-0.071870551,-0.065780736,B
0.077125616,0.083215066,B
0.083500877,0.089589635,B
0.052343444,0.058429348,B
-0.00221635,0.003854123,B
0.060945073,0.066980771,B
0.104754571,0.110788773,B
-0.061971083,-0.055941217,B
0.053612685,0.059627618,B
0.059527154,0.065528819,B
0.073245652,0.079243064,B
-0.05350525,-0.047566102,B
0.094822683,0.100732551,B
0.085236734,0.091144918,B
-0.055865777,-0.0499713,B
-0.033290966,-0.027399649,B
-0.061287695,-0.055398608,B
-0.108068863,-0.102180696,B
-0.062635074,-0.056750263,B
-0.125383809,-0.119499714,B
0.01127563,0.017147874,B
0.059730937,0.065596354,B
-0.054991378,-0.049190694,B
-0.037541572,-0.031751827,B
-0.054789809,-0.049025098,B
-0.053138497,-0.047377024,B
-0.0669866,-0.061248007,B
-0.054766686,-0.049044782,B
0.064143064,0.069860462,B
-0.094687282,-0.088971819,B
-0.066227121,-0.060517662,B
0.061294138,0.066987614,B
0.143955421,0.149628937,B
-0.044281894,-0.038620089,B
-0.081984826,-0.07636351,B
0.055377767,0.060993615,B
-0.047865329,-0.042274418,B
-0.089324153,-0.083742459,B
0.013974779,0.019547555,B
-0.065254855,-0.059688783,B
-0.043445654,-0.03788884,B
0.074925834,0.080470247,B
0.026264686,0.031791994,B
-0.082259338,-0.07679145,B
-0.086995245,-0.081565397,B
-0.061204224,-0.055776131,B
-0.067082133,-0.061668371,B
-0.100854599,-0.095448798,B
-0.088555516,-0.083168412,B
-0.068376358,-0.062996106,B
0.06201528,0.067389767,B
0.061684078,0.067037962,B
-0.052083279,-0.046759494,B
-0.041979136,-0.036659327,B
0.045515618,0.050821409,B
-0.056593336,-0.051298109,B
-0.040504605,-0.035229649,B
0.060387944,0.06564838,B
-0.110301241,-0.105100963,B
0.059812983,0.065005465,B
0.063699997,0.068888089,B
-0.060433179,-0.055246487,B
0.006189845,0.011355418,B
-0.06117722,-0.056051602,B
0.0519224,0.057045982,B
0.012500738,0.017577679,B
-0.09134724,-0.086283535,B
-0.016911422,-0.011859236,B
0.06074254,0.065786115,B
-0.060433498,-0.055391751,B
-0.088049553,-0.083008764,B
0.000540707,0.005574828,B
0.000540707,0.005574828,B
0.000540707,0.005574828,B
-0.046755825,-0.041745017,B
-0.033772213,-0.028773717,B
0.073285507,0.078278573,B
0.062311495,0.067304156,B
0.067760156,0.072750666,B
-0.007333607,-0.002348974,B
-0.072822955,-0.067886657,B
0.082584288,0.087468954,B
-0.058968835,-0.054104592,B
0.163056538,0.167863292,B
-0.055128575,-0.05034549,B
0.08388694,0.088632885,B
0.117692291,0.122434587,B
-0.079613238,-0.074893424,B
-0.056231905,-0.051521768,B
0.015301665,0.019985701,B
-0.109517748,-0.104838407,B
0.077666495,0.082321302,B
-0.065985517,-0.06133161,B
0.094310451,0.098946721,B
-0.026864981,-0.022230829,B
0.063529275,0.06815668,B
-0.016417932,-0.011819183,B
-0.06607369,-0.061493233,B
0.061257036,0.065835702,B
-0.04596424,-0.041396571,B
0.071205473,0.07573067,B
0.155192667,0.159708817,B
0.059936833,0.064427133,B
0.079056749,0.083511273,B
0.056498737,0.060934209,B
0.033033347,0.037426661,B
-0.056929766,-0.052539516,B
-0.058367846,-0.054009199,B
-0.080856071,-0.076497471,B
-0.056562087,-0.052207999,B
-0.027174194,-0.02282638,B
0.099592287,0.103936723,B
-0.074681816,-0.070340481,B
0.048703185,0.053041472,B
-0.058661568,-0.054382966,B
-0.062575114,-0.058298068,B
0.071201262,0.075463525,B
0.060960851,0.065208253,B
-0.034243454,-0.030024545,B
0.062796078,0.066993234,B
-0.077911298,-0.073729519,B
0.155573598,0.159740148,B
-0.068410157,-0.064306721,B
0.010763594,0.014798586,B
-0.077094854,-0.073070429,B
-0.027023488,-0.023045941,B
0.047284102,0.05122344,B
-0.052920063,-0.048996388,B
0.077060932,0.080961184,B
0.057655495,0.061543046,B
-0.074265672,-0.070379657,B
-0.033500609,-0.029633478,B
-0.053808385,-0.04994827,B
-0.061858771,-0.058002711,B
-0.059444171,-0.055626452,B
-0.015347619,-0.011590767,B
0.066747302,0.070499504,B
-0.052343981,-0.048593484,B
-0.077678223,-0.073974098,B
-0.056416479,-0.05272718,B
0.056744966,0.060398716,B
0.013339505,0.016989496,B
-0.016343206,-0.012695099,B
-0.076939594,-0.073331612,B
0.072074141,0.07564956,B
-0.091699073,-0.08815169,B
0.050775801,0.054323034,B
0.107461481,0.111002441,B
0.011829373,0.015362395,B
-0.051117752,-0.047586734,B
0.119382113,0.122904257,B
0.067004526,0.070510964,B
0.05593854,0.059435564,B
-0.060575833,-0.057091207,B
0.086141108,0.089619668,B
0.05743157,0.060897697,B
-0.036956245,-0.033493933,B
0.102658499,0.106067082,B
-0.090651334,-0.087249682,B
-0.071360723,-0.067996989,B
0.062361798,0.06572407,B
0.084616115,0.087975441,B
0.121796125,0.125121537,B
-0.058351454,-0.055080372,B
-0.015407984,-0.012199751,B
0.060632836,0.063782863,B
0.062924176,0.066071436,B
-0.069119664,-0.065978256,B
0.069933542,0.073071204,B
0.043795868,0.046924858,B
-0.059427694,-0.056299924,B
0.083246488,0.086365135,B
-0.050318357,-0.047209754,B
-0.015304114,-0.012207695,B
-0.127097139,-0.124001957,B
0.056338868,0.059421499,B
0.062801787,0.06587797,B
0.051129592,0.054200785,B
-0.124007626,-0.120976728,B
-0.06772371,-0.064696518,B
-0.006549927,-0.00355525,B
0.084897487,0.087882155,B
-0.060945609,-0.057977552,B
-0.059342918,-0.056377146,B
0.066047273,0.069012583,B
-0.128088348,-0.125123592,B
0.078524876,0.081475189,B
-0.039817691,-0.036867396,B
0.065894285,0.068830414,B
0.085709479,0.088638221,B
-0.027130388,-0.024225066,B
0.070861805,0.073754011,B
-0.080073205,-0.077182885,B
-0.123718267,-0.120843067,B
0.138770891,0.141644782,B
-0.057414702,-0.054542459,B
0.081510787,0.084380491,B
0.062715065,0.065579422,B
0.081717785,0.084569604,B
-0.044162407,-0.041310696,B
-0.062231126,-0.059395262,B
0.088602319,0.091438015,B
0.058826712,0.061638781,B
0.059879434,0.062680941,B
0.063581945,0.066383167,B
0.027828499,0.030617896,B
0.048430462,0.051197552,B
-0.039728287,-0.036985812,B
0.004509589,0.007232658,B
-0.007532883,-0.00482535,B
0.060135313,0.062835869,B
0.075681771,0.078382232,B
-0.0532225,-0.050532702,B
-0.038027175,-0.035339885,B
0.025596339,0.028259281,B
-0.032810733,-0.030178616,B
0.058915976,0.061539404,B
-0.021813055,-0.019213249,B
-0.059942704,-0.057353052,B
0.024983186,0.027572117,B
0.052540694,0.055092354,B
-0.018969642,-0.016463288,B
0.119584776,0.122058443,B
-0.078334515,-0.075879366,B
0.034138023,0.03658433,B
-0.041668726,-0.039227984,B
0.075048739,0.077484752,B
0.017584042,0.020017143,B
-0.0707864,-0.068369053,B
0.058011321,0.060422814,B
-0.128905782,-0.126526257,B
-0.076787039,-0.074428015,B
-0.039648458,-0.037298424,B
-0.060925216,-0.058582716,B
-0.046963096,-0.044630567,B
-0.007433362,-0.005102084,B
0.06305371,0.065384059,B
0.059961459,0.062279937,B
0.098079576,0.100392413,B
0.079974881,0.082265202,B
-0.083627386,-0.081345688,B
-0.059029989,-0.056760692,B
0.102039848,0.104307682,B
0.048494207,0.05075219,B
0.086412953,0.088670326,B
-0.014269364,-0.012035623,B
0.050117351,0.0523458,B
0.105825206,0.108051654,B
-0.067628467,-0.065417334,B
0.004143272,0.006353578,B
0.087091873,0.089293632,B
-0.07412857,-0.071966445,B
-0.061187415,-0.059048193,B
0.069116291,0.071253778,B
0.066222979,0.068356458,B
-0.102117173,-0.099991058,B
0.034451924,0.036562815,B
-0.081728897,-0.079652318,B
-0.039250253,-0.037176796,B
-0.062244989,-0.060203903,B
-0.029346209,-0.027319934,B
-0.075102896,-0.073080196,B
0.034686131,0.036702954,B
-0.062555118,-0.060549831,B
-0.057714353,-0.055720237,B
0.068065732,0.070055493,B
-0.003919628,-0.001944026,B
0.00363324,0.005558838,B
-0.000991712,0.000905574,B
0.057429644,0.059310574,B
-0.048703072,-0.04682341,B
-0.062022034,-0.060145379,B
-0.067485635,-0.065624521,B
-0.074496793,-0.072638383,B
0.074492188,0.076326981,B
0.058488488,0.060295355,B
0.060922069,0.062684722,B
-0.032523442,-0.030764732,B
0.091695416,0.093432902,B
0.081169598,0.082884985,B
0.08922514,0.090902814,B
-0.061488062,-0.059820561,B
-0.001782763,-0.000130576,B
0.009633808,0.011285027,B
-0.003328314,-0.001677743,B
0.068830474,0.070480719,B
-0.054900293,-0.053267662,B
0.068734824,0.070327202,B
-0.015938675,-0.014348073,B
0.009567866,0.011154666,B
-0.04640716,-0.044831167,B
-0.080850215,-0.079291797,B
0.063968163,0.065495269,B
-0.077823453,-0.076306232,B
0.072842588,0.074323404,B
0.149345987,0.150818426,B
0.044410544,0.045861162,B
-0.05742952,-0.055983068,B
-0.107071907,-0.105701413,B
-0.060629875,-0.059262041,B
0.061318593,0.062673019,B
0.061512029,0.062842172,B
0.012109294,0.01342755,B
-0.057203749,-0.055937623,B
-0.082463206,-0.081206052,B
-0.080502778,-0.079256086,B
-0.073922661,-0.072689259,B
0.032886122,0.034099515,B
-0.052783552,-0.051570729,B
0.079290741,0.080499779,B
-0.045744026,-0.044539846,B
-0.048994109,-0.047831029,B
-0.057945726,-0.056796272,B
-0.029459705,-0.028346291,B
0.069032389,0.0701294,B
-0.075091523,-0.074012701,B
-0.077582716,-0.076510098,B
-0.064797539,-0.063725045,B
0.094910816,0.095979749,B
0.080604248,0.081664772,B
-0.07434419,-0.073287991,B
0.065304295,0.066358204,B
-0.062640307,-0.061590656,B
-0.069143537,-0.068099266,B
-0.021290815,-0.020252129,B
0.000754714,0.001785217,B
-0.049292511,-0.048264424,B
-0.036565489,-0.035562501,B
0.085246457,0.086227927,B
0.059627795,0.060601999,B
-0.00042635,0.00054623,B
0.062629976,0.063601858,B
0.078763637,0.079719289,B
0.058896302,0.059847225,B
0.093775631,0.094708057,B
-0.057085574,-0.056153955,B
-0.004247451,-0.00331931,B
-0.076546716,-0.075619258,B
-0.014439251,-0.013515762,B
0.062644311,0.06353878,B
-0.050599794,-0.049714604,B
-0.000863888,0,B
-0.000863888,0,B
0.096189722,0.097033382,B
-0.045470817,-0.044659981,B
0.064753197,0.065548592,B
-0.064491968,-0.063698361,B
-0.089232793,-0.088444865,B
0.063404028,0.064174187,B
-0.013978636,-0.013216759,B
-0.082250384,-0.081495586,B
-0.060515214,-0.059766951,B
0.061896249,0.062635103,B
-0.065939933,-0.065204994,B
0.108369162,0.109059216,B
0.052395739,0.053065007,B
0.064692751,0.065360212,B
0.050250449,0.050915684,B
0.076607843,0.077271679,B
-0.035732224,-0.035078112,B
-0.002891537,-0.002244677,B
-0.067149203,-0.066543703,B
-0.080418401,-0.079828335,B
-0.095087123,-0.094527108,B
-0.060359872,-0.059825889,B
-0.067750106,-0.067231297,B
-0.078457341,-0.077939033,B
-0.068214755,-0.067697546,B
0.067029052,0.067505083,B
-0.063373989,-0.062907825,B
0.07119639,0.071648136,B
0.062548404,0.062984139,B
-0.091554021,-0.091129349,B
-0.055219095,-0.054801887,B
0.007618668,0.008026613,B
-0.036277652,-0.035873631,B
-0.103851647,-0.103458411,B
-0.031868519,-0.031483521,B
0.041125996,0.041474946,B
0.066782911,0.067103563,B
-0.047102998,-0.046783927,B
0.087959493,0.088272455,B
-0.078060173,-0.077753093,B
-0.097152265,-0.096846753,B
-0.073894877,-0.073613531,B
-0.057792384,-0.057563782,B
0.126843308,0.127056717,B
0.006658325,0.006859069,B
0.076644659,0.076820401,B
0.096806015,0.096980909,B
-0.046095074,-0.045928746,B
0.013241845,0.013384908,B
0.092622566,0.092753953,B
-0.066029861,-0.065899864,B
0.023674715,0.023789001,B
0.059512653,0.059622284,B
-0.055698454,-0.055596424,B
0.055428921,0.05552996,B
0.067255312,0.067340457,B
-0.042139634,-0.042065565,B
-0.064949494,-0.064877272,B
-0.080754221,-0.080703438,B
-0.063811694,-0.063795839,B
0.077667202,0.077675373,B
0,0,B
0.001049995,0.001011419,B
-0.079490557,-0.07954408,B
0.062927573,0.062859924,B
-0.084017433,-0.084102321,B
0.024125294,0.024006362,B
-0.085121883,-0.085285041,B
-0.045913272,-0.046104766,B
0.061702284,0.061510602,B
-0.038284918,-0.038477992,B
-0.062276585,-0.062484731,B
-0.075387909,-0.075616155,B
-0.062335351,-0.062564046,B
0.060707937,0.060472965,B
0.060111557,0.059862309,B
-0.045896622,-0.046165905,B
0.062881846,0.062610968,B
0.106124913,0.10583645,B
-0.094416647,-0.094708962,B
0.046017219,0.045722437,B
0.059438721,0.059118951,B
0.053089984,0.05276739,B
0.069404936,0.069075232,B
0.062477952,0.062126875,B
-0.066384421,-0.066738016,B
0.092712643,0.092356963,B
0.061510003,0.061147848,B
-0.029992908,-0.030362428,B
-0.062537395,-0.062912257,B
0.054045752,0.053653882,B
-0.052675853,-0.053082083,B
-0.034973917,-0.035412,B
0.064740263,0.064296725,B
-0.040034639,-0.040506321,B
-0.056661394,-0.057133719,B
-0.049758183,-0.050231309,B
0.062741336,0.062242917,B
-0.048207553,-0.048732551,B
-0.116489993,-0.11701751,B
-0.040333265,-0.040884535,B
-0.028858047,-0.029413948,B
-0.073077236,-0.0736561,B
-0.05865092,-0.059265197,B
0.07686899,0.076253344,B
-0.055573655,-0.056194093,B
-0.075042635,-0.075663771,B
-0.087250555,-0.087900024,B
-0.078565226,-0.079215154,B
-0.074784074,-0.075449232,B
-0.08405617,-0.084728538,B
0.050779743,0.050101928,B
-0.04882571,-0.049517716,B
0.15816267,0.15746619,B
0.062996321,0.062294042,B
-0.041605173,-0.042315453,B
-0.097750704,-0.098462424,B
-0.057032915,-0.057762443,B
0.026741902,0.026011712,B
0.091470899,0.090717735,B
0.068563294,0.067803936,B
-0.068871368,-0.069632162,B
0.121433483,0.12065107,B
0.061762049,0.060977611,B
0.096033559,0.0952273,B
0.065797673,0.064964292,B
-0.081224948,-0.082064101,B
-0.067955083,-0.068807242,B
0.05791141,0.057035129,B
0.029304606,0.02841147,B
-0.109259389,-0.110168173,B
0.098147686,0.097212728,B
0.063425301,0.062487054,B
0.078663662,0.077723259,B
0.047808905,0.046865261,B
-0.044286691,-0.045236096,B
-0.076854819,-0.077813241,B
0.05956985,0.058592712,B
0.033995476,0.033001998,B
-0.056451016,-0.057460736,B
0.072644589,0.071625399,B
0.038984324,0.037910289,B
-0.074432269,-0.07552234,B
-0.058451539,-0.059549689,B
-0.059604315,-0.060708031,B
-0.049375441,-0.050483145,B
0.086247466,0.085133961,B
0.06489717,0.063765715,B
0.051245432,0.05007422,B
0.075693598,0.074500951,B
0.072057488,0.070857394,B
-0.061371251,-0.06258376,B
0.0494043,0.04818318,B
0.032443916,0.031181199,B
0.077466163,0.076170046,B
0.087818953,0.086516801,B
0.119759693,0.118447867,B
0.05251826,0.051160632,B
-0.100939697,-0.102299301,B
-0.010018112,-0.011420001,B
-0.050435353,-0.051866427,B
0.061288646,0.05985497,B
-0.048773866,-0.050244794,B
-0.064725416,-0.066210315,B
-0.079442808,-0.080934575,B
-0.052786847,-0.054279549,B
-0.007697548,-0.009196575,B
0.016404358,0.014884582,B
-0.058342636,-0.059864569,B
-0.013454422,-0.014976774,B
-0.070917592,-0.072441585,B
-0.055386127,-0.056924345,B
-0.043935751,-0.045479482,B
0.068065949,0.066515984,B
-0.054421998,-0.056002333,B
-0.062906788,-0.064505027,B
0.078639444,0.077024792,B
-0.048662755,-0.050290349,B
-0.051488103,-0.053116911,B
-0.097093383,-0.098748036,B
0.007211751,0.0055264,B
0.092012306,0.09032475,B
0.077461267,0.075766334,B
-0.074828188,-0.076525974,B
-0.052938209,-0.05464718,B
-0.117755968,-0.119494577,B
-0.076111428,-0.077868857,B
-0.074969784,-0.07673257,B
-0.039574219,-0.041377175,B
-0.04844709,-0.05026315,B
0.069810922,0.067994133,B
-0.050511745,-0.052336125,B
0.080892361,0.079067828,B
-0.063670662,-0.065506154,B
-0.098910719,-0.100762503,B
-0.098720382,-0.10058268,B
0.06382616,0.061945775,B
0.109836203,0.1079499,B
0.060627791,0.058737244,B
0.104180638,0.102276067,B
0.058232609,0.056315937,B
-0.051885161,-0.053813288,B
-0.00899097,-0.010924191,B
0.084394583,0.082460371,B
-0.079610064,-0.081550924,B
0.043905397,0.041950115,B
-0.035482988,-0.037451453,B
-0.043996513,-0.045965289,B
0.013962311,0.011969287,B
0.008807469,0.006809131,B
-0.068404805,-0.070429963,B
0.037976381,0.035944304,B
-0.000813585,-0.002849469,B
0.044728661,0.042687254,B
0.021570231,0.019518006,B
0.032905993,0.030842479,B
-0.042973828,-0.045046906,B
-0.06850121,-0.070579973,B
-0.111284288,-0.113392055,B
0.142278623,0.140153466,B
0.081619292,0.079492225,B
-0.047630868,-0.049791414,B
-0.0732035,-0.075365012,B
0.036047996,0.033877243,B
0.07929962,0.077127459,B
-0.024669355,-0.026859108,B
-0.016022209,-0.018225779,B
0.131524757,0.129313541,B
-0.045627916,-0.047862109,B
-0.093025226,-0.095262603,B
-0.045154553,-0.047392954,B
0.01259447,0.010332244,B
0.005602575,0.003331914,B
0.120416777,0.118089703,B
0.044708249,0.042373499,B
-0.094361947,-0.096751112,B
-0.060877509,-0.063311725,B
-0.046614942,-0.049066367,B
0.078632632,0.076170547,B
0.074040033,0.071566656,B
-0.049407378,-0.051884931,B
-0.078132349,-0.080614682,B
-0.077867431,-0.08035052,B
-0.072282904,-0.074774376,B
-0.064142828,-0.06663678,B
0.100479294,0.097982862,B
0.034744755,0.032170931,B
0.060667922,0.058080755,B
0.169628853,0.16699267,B
-0.007001459,-0.009657974,B
0.068360352,0.065683853,B
-0.070773514,-0.073467521,B
-0.053150378,-0.055849855,B
-0.023285684,-0.026015632,B
0.023600641,0.020853738,B
-0.078402803,-0.081155781,B
0.120593109,0.11781988,B
0.089028798,0.086249904,B
0.121975189,0.119181227,B
-0.067599363,-0.07040217,B
-0.036503027,-0.039317783,B
-0.057076983,-0.059892194,B
-0.074540738,-0.07736107,B
-0.07797817,-0.080808038,B
0.118661141,0.11582813,B
-0.058372812,-0.061217378,B
0.043839699,0.040976795,B
-0.061849224,-0.064734525,B
0.061905141,0.058988474,B
0.064917041,0.06199799,B
0.077169034,0.074210497,B
-0.053927947,-0.056922096,B
0.064678245,0.061668057,B
0.047429037,0.044393347,B
-0.063417979,-0.066501768,B
-0.06599183,-0.069086418,B
0.034749852,0.031653648,B
0.052678863,0.049544999,B
-0.049057141,-0.052213714,B
0.124251703,0.121076034,B
-0.035513147,-0.038699911,B
-0.003310462,-0.006510125,B
-0.0546413,-0.057864123,B
-0.061061262,-0.064288331,B
-0.067426927,-0.070654572,B
0.0713605,0.068126955,B
-0.024402078,-0.02765114,B
-0.003768596,-0.007031991,B
-0.067548494,-0.070837826,B
-0.05423501,-0.05755594,B
0.051449279,0.048117046,B
-0.075007641,-0.078343768,B
-0.057255878,-0.06059294,B
-0.053074386,-0.05641308,B
-0.077970621,-0.081324001,B
-0.057837945,-0.061195384,B
0.065111475,0.061753269,B
-0.060864731,-0.064269059,B
0.063084882,0.059670594,B
0.032042954,0.028614101,B
0.076499218,0.073058555,B
0.061475345,0.058015311,B
-0.028785516,-0.032264944,B
0.053133439,0.049627305,B
0.118183809,0.114671067,B
0.036919785,0.033404637,B
0.068252573,0.064718337,B
0.007327271,0.003778343,B
0.083595426,0.08001907,B
-0.048655212,-0.052290647,B
-0.06081485,-0.064490165,B
0.070807165,0.067124034,B
-0.102546243,-0.106231879,B
0.119137668,0.11544733,B
-0.099389064,-0.103084274,B
-0.080875677,-0.084599158,B
-0.075237618,-0.078973112,B
-0.045813087,-0.049555081,B
-0.022926548,-0.02668392,B
0.103505904,0.099748089,B
0.062318049,0.058547501,B
0.075879134,0.072107104,B
0.062663813,0.058889245,B
-0.050388613,-0.054189571,B
-0.040534035,-0.044343719,B
0.061769148,0.057936987,B
-0.008232414,-0.012066942,B
-0.035702342,-0.039543194,B
0.072703579,0.068849354,B
-0.059535197,-0.063394483,B
-0.073662204,-0.077525764,B
0.045053294,0.041164442,B
-0.063567919,-0.067467842,B
-0.049175378,-0.053106613,B
0.12650158,0.122566479,B
0.073127929,0.069177834,B
-0.096788669,-0.100746925,B
-0.060245216,-0.064212365,B
-0.061560869,-0.065536008,B
0.068903995,0.064928132,B
0.036663577,0.032661395,B
-0.072252627,-0.076281674,B
0.050006621,0.045973765,B
0.044797809,0.040752223,B
-0.090429764,-0.094477522,B
0.090124958,0.086075476,B
0.076351602,0.072273096,B
0.058707881,0.054605409,B
-0.077135453,-0.081240632,B
-0.082839987,-0.086948752,B
-0.076987418,-0.081114496,B
-0.051377232,-0.055507067,B
-0.087422163,-0.091558394,B
0.058773651,0.054607116,B
-0.083222865,-0.087394557,B
0.060122012,0.055943138,B
-0.058772218,-0.062963824,B
-0.034332654,-0.038541144,B
0.103184393,0.098961034,B
-0.066080788,-0.070306372,B
-0.069526365,-0.073763974,B
-0.001832539,-0.006072075,B
-0.064280468,-0.068538371,B
0.071990402,0.067704205,B
-0.065330295,-0.069624126,B
-0.003192975,-0.007494091,B
-0.078014152,-0.082346141,B
0.062013652,0.057680029,B
-0.071748794,-0.076108082,B
0.057489317,0.053123187,B
0.056764061,0.052391086,B
-0.050310299,-0.054687131,B
-0.062316495,-0.066694961,B
-0.065747424,-0.070156619,B
-0.066180699,-0.070638274,B
0.125379953,0.120891632,B
-0.098302486,-0.102822615,B
-0.049278652,-0.05381524,B
0.083565694,0.079008016,B
-0.091549279,-0.096118893,B
-0.09894204,-0.103521623,B
-0.03195865,-0.036543718,B
0.006352893,0.001748732,B
0.122564501,0.117945068,B
0.082239522,0.077612176,B
-0.102133571,-0.106761018,B
-0.083521704,-0.088161776,B
-0.077586376,-0.082230263,B
-0.092013589,-0.096693475,B
0.053005307,0.048277486,B
0.066518074,0.061753464,B
0.123266177,0.118484247,B
-0.070982122,-0.075788021,B
0.052887002,0.048066319,B
-0.003987311,-0.00882363,B
0.127010031,0.122166662,B
0.007722909,0.002878666,B
-0.038149411,-0.042998578,B
0.061815712,0.056946581,B
0.094141944,0.089272612,B
-0.038713903,-0.043598392,B
0.079769168,0.074835852,B
0.008382268,0.00343326,B
0.15248474,0.147517752,B
-0.050350014,-0.055324455,B
-0.064229658,-0.069208098,B
0.117344834,0.112346822,B
0.059390957,0.054378603,B
-0.026662017,-0.031694913,B
-0.006078024,-0.011112624,B
-0.070247751,-0.075289725,B
0.056667753,0.051587347,B
-0.058461083,-0.063593821,B
-0.058367932,-0.063515546,B
-0.097590896,-0.102751069,B
-0.036481945,-0.041661737,B
-0.054604762,-0.059785598,B
-0.056494724,-0.061676887,B
-0.050827607,-0.056013359,B
0.10686231,0.101648417,B
0.06221743,0.056994894,B
0.046509847,0.041263578,B
0.10683404,0.101581693,B
0.065295711,0.060036716,B
-0.047697895,-0.052979815,B
-0.047235392,-0.052533015,B
-0.05572742,-0.061030042,B
0.063105383,0.057791817,B
0.051061316,0.045712907,B
0.086881425,0.081528441,B
-0.017028915,-0.022385798,B
-0.002786358,-0.008148049,B
0.092663044,0.087281974,B
-0.056242689,-0.061626411,B
-0.112232076,-0.11763615,B
-0.015648895,-0.021053826,B
-0.058022952,-0.0634374,B
0.055900937,0.050484854,B
-0.01232679,-0.017750271,B
0.039980845,0.034549263,B
-0.060926933,-0.066382512,B
-0.002201461,-0.007673097,B
0.05648517,0.051007112,B
-0.059165354,-0.064653548,B
0.062093825,0.056604354,B
0.039620543,0.034122044,B
0.062753145,0.057237721,B
-0.073975867,-0.07952646,B
0.048498265,0.042931007,B
0.077360565,0.071760628,B
0.060772698,0.055123365,B
0.057418896,0.05176272,B
-0.069243915,-0.074912838,B
0.067567767,0.061898392,B
-0.079403797,-0.085073933,B
0.120017192,0.114326454,B
0.081440091,0.075728066,B
-0.036790243,-0.042508848,B
-0.004791107,-0.010531526,B
-0.02300671,-0.028783042,B
-0.044861038,-0.050658428,B
-0.060373934,-0.066176731,B
0.094828939,0.0890179,B
0.109807841,0.103995548,B
0.061030975,0.055217537,B
0.054003478,0.048170952,B
-0.052750861,-0.058619195,B
0.126425374,0.120535094,B
-0.077739283,-0.083630561,B
-0.074999595,-0.080902843,B
-0.033245085,-0.03915633,B
-0.069942428,-0.07585427,B
-0.057599403,-0.063518371,B
0.066828971,0.060886775,B
-0.061390939,-0.067334706,B
-0.058651058,-0.064595947,B
-0.092457519,-0.098415681,B
-0.09472935,-0.100697055,B
0.045052467,0.039073212,B
-0.110484503,-0.116468965,B
-0.041930592,-0.047915933,B
0.017001881,0.010976409,B
-0.037645575,-0.043699237,B
-0.089394425,-0.095459096,B
-0.105172921,-0.111275623,B
-0.07802402,-0.084154133,B
0.106725451,0.100591,B
-0.054972808,-0.061125018,B
-0.057873166,-0.064026865,B
-0.001363576,-0.007523706,B
-0.050483271,-0.056651848,B
0.058459128,0.052282597,B
-0.029050655,-0.035294268,B
0.094692096,0.088407886,B
0.062001,0.05570535,B
-0.055321425,-0.061618445,B
-0.053576966,-0.059930035,B
-0.050429966,-0.056784396,B
0.060386177,0.054026689,B
0.059921542,0.053561022,B
0.130434166,0.12407286,B
0.003208201,-0.003156494,B
0.018467583,0.01208666,B
0.083349461,0.076965842,B
0.072005352,0.065608864,B
0.061316729,0.054909806,B
-0.053896474,-0.060303498,B
-0.039971232,-0.046384316,B
0.061595793,0.055135606,B
-0.065031486,-0.071496029,B
0.147411155,0.14094611,B
0.080396433,0.073930001,B
-0.055518022,-0.062004735,B
-0.065992172,-0.072491174,B
0.082014353,0.07547287,B
0.083610676,0.07701171,B
-0.001020926,-0.007624341,B
-0.04527716,-0.051896646,B
0.126512317,0.119846738,B
-0.060558648,-0.067235917,B
0.108445995,0.101702129,B
0.063567642,0.056810212,B
0.105079422,0.098313364,B
-0.072490109,-0.079273021,B
0.06347162,0.056664727,B
0.069887047,0.063078634,B
0.043633217,0.036800722,B
-0.047691116,-0.054582961,B
0.081958092,0.075039797,B
-0.099772788,-0.106708352,B
0.114065658,0.107118627,B
0.10980394,0.102823518,B
-0.031839477,-0.038823069,B
0.060796966,0.053798055,B
0.066066433,0.059019504,B
-0.077790206,-0.084837671,B
0.062264546,0.055179573,B
0.051604723,0.044493405,B
0.084783915,0.077663137,B
0.070976639,0.063852106,B
0.030372234,0.023244218,B
-0.029696213,-0.036873524,B
-0.030989338,-0.038168389,B
-0.045428024,-0.052629523,B
-0.069431117,-0.07663665,B
-0.01228356,-0.019491022,B
0.042300861,0.035089081,B
-0.07321143,-0.080441375,B
-0.097914585,-0.105147483,B
-0.086635063,-0.093891409,B
0.062750457,0.055493691,B
0.121525207,0.114256846,B
-0.025811496,-0.033105159,B
0.087710737,0.080341106,B
0.060110468,0.052738179,B
-0.022057465,-0.029430661,B
0.13088483,0.123505754,B
-0.095674836,-0.103067659,B
0.028215929,0.0208227,B
0.012400346,0.005003293,B
-0.007152613,-0.014559965,B
0.10931327,0.10188296,B
0.079483258,0.072014022,B
0.015081604,0.007603204,B
0.08330338,0.07582137,B
0.055031246,0.047544547,B
-0.097983524,-0.10547549,B
0.125202638,0.117702637,B
-0.075225062,-0.08273395,B
0.044143286,0.0366292,B
-0.027454151,-0.034983792,B
-0.07786556,-0.085398461,B
-0.074380515,-0.081927406,B
-0.056194224,-0.063757465,B
-0.071178708,-0.078775208,B
-0.014947686,-0.022566061,B
-0.005738926,-0.013363211,B
-0.064904166,-0.072530343,B
-0.015912676,-0.023568963,B
0.098459796,0.090796411,B
0.083510265,0.075845716,B
-0.045521794,-0.053191522,B
-0.070064483,-0.077745885,B
-0.01385209,-0.021555752,B
0.082858815,0.075139545,B
0.066174085,0.058449721,B
-0.019794123,-0.027538478,B
0.030089238,0.022342576,B
0.057357074,0.049596041,B
0.103680164,0.095903357,B
0.148170152,0.140353799,B
-0.055439786,-0.063275388,B
-0.061739966,-0.06957955,B
-0.066718656,-0.074563754,B
0.116458193,0.108587759,B
0.127885341,0.120012618,B
0.058158062,0.05027516,B
-0.074700797,-0.082619644,B
0.084446356,0.076512132,B
0.107729966,0.099771537,B
-0.035590695,-0.043562135,B
0.008121681,0.000132274,B
-0.098544403,-0.10654486,B
0.034829443,0.026827033,B
-0.118038512,-0.126041665,B
0.072569,0.064519141,B
-0.070782812,-0.07884989,B
0.080837185,0.07276669,B
-0.064656472,-0.072728554,B
0.077402129,0.069326934,B
0.101623479,0.093524934,B
0.136518398,0.128408197,B
-0.05738173,-0.065496947,B
-0.075019536,-0.083141785,B
0.025110214,0.016963805,B
-0.073990116,-0.082160996,B
0.048724149,0.040550744,B
-0.074880278,-0.083133805,B
0.12375186,0.115497476,B
-0.012144513,-0.020409319,B
0.062119484,0.053843522,B
-0.078482143,-0.086767625,B
0.121608986,0.113309722,B
0.002470876,-0.00583034,B
-0.070995148,-0.079299819,B
-0.061171443,-0.069494884,B
0.06287512,0.054525024,B
0.073093545,0.064737954,B
0.05935403,0.050996337,B
-0.089646338,-0.098010539,B
0.052161589,0.043785516,B
-0.020911315,-0.02930009,B
0.078989598,0.070573854,B
0.040766255,0.032311958,B
0.056088388,0.047598214,B
-0.044099825,-0.052595618,B
-0.004368279,-0.012886379,B
0.103682248,0.095163578,B
-0.095782563,-0.104333959,B
0.057024378,0.048457879,B
-0.027840629,-0.03641357,B
0.065722484,0.057139301,B
0.084594026,0.07601022,B
-0.021427131,-0.030063324,B
0.114936142,0.106248416,B
0.071470043,0.062781745,B
-0.058345594,-0.067049231,B
-0.05287943,-0.061626613,B
-0.06125821,-0.070021183,B
-0.048653469,-0.057435731,B
0.08749577,0.078698136,B
0.132613168,0.123809914,B
-0.059794417,-0.068606088,B
-0.102490252,-0.111316704,B
-0.061531767,-0.070361552,B
0.107554195,0.09870933,B
-0.071765782,-0.080636392,B
0.011100123,0.00221406,B
-0.095301052,-0.104192842,B
-0.073074467,-0.081971307,B
-0.10064816,-0.109546731,B
0.09413669,0.085230156,B
-0.014365682,-0.023296558,B
0.08002386,0.071071323,B
-0.072227086,-0.081187404,B
0.005625819,-0.003341262,B
0.077565358,0.068597828,B
-0.069092776,-0.078088191,B
0.056262462,0.047245401,B
-0.045199556,-0.054218225,B
0.113282799,0.104257169,B
-0.058373994,-0.067407669,B
0.057241295,0.048195738,B
-0.06597151,-0.075020808,B
0.128506457,0.119438238,B
-0.074306702,-0.083397865,B
-0.06828879,-0.077384988,B
0.107294901,0.09816871,B
-0.000356971,-0.0095233,B
0.105989062,0.096819379,B
0.049629563,0.040398708,B
0.039313451,0.030079163,B
0.049394022,0.04015157,B
-0.062696165,-0.071939721,B
0.165229628,0.155975791,B
0.128415643,0.119134873,B
-0.07067338,-0.079962708,B
0.06864521,0.05934545,B
-0.057011382,-0.066311447,B
-0.070432708,-0.079757857,B
0.07633759,0.067012188,B
-0.048919966,-0.058250478,B
-0.067994696,-0.077344978,B
-0.102427582,-0.11178231,B
-0.031761101,-0.041116551,B
0.06274778,0.053365424,B
0.084190431,0.074764062,B
-0.053798471,-0.063232029,B
-0.05668995,-0.066140459,B
-0.070215146,-0.07967329,B
0.068079427,0.058613357,B
-0.008669114,-0.018146454,B
-0.046840853,-0.056343487,B
-0.055937864,-0.06547176,B
-0.057500092,-0.067041903,B
0.101153583,0.091601674,B
-0.062248165,-0.071801704,B
0.063189974,0.053625606,B
0.055262242,0.045673384,B
-0.038590376,-0.048222111,B
0.002106195,-0.007537151,B
0.081204572,0.071533065,B
0.038781877,0.029050742,B
0.083500644,0.073769146,B
0.144660157,0.134905914,B
-0.013335668,-0.023098779,B
0.055816999,0.046026069,B
0.063305934,0.05345615,B
0.123370409,0.113516154,B
-0.055721788,-0.065590266,B
-0.066464853,-0.076343891,B
-0.051751788,-0.061643443,B
0.1223959,0.112503472,B
0.009768693,-0.000138691,B
-0.050639829,-0.060557057,B
-0.024025562,-0.033946483,B
-0.009059952,-0.019069886,B
0.061328013,0.051259645,B
-0.073586134,-0.083677424,B
-0.035922332,-0.046033664,B
-0.006908807,-0.017046288,B
0.095777469,0.085633996,B
-0.047389201,-0.057556227,B
0.059473677,0.049291457,B
-0.060912188,-0.071109698,B
-0.027877625,-0.038080667,B
-0.04903974,-0.059285817,B
0.073895387,0.063615631,B
0.002043964,-0.008275732,B
-0.055812477,-0.066165164,B
0.080255357,0.069900122,B
-0.048625057,-0.059025135,B
0.06244557,0.052044957,B
-0.102498703,-0.112900912,B
-0.085069267,-0.095472838,B
-0.097027508,-0.107452254,B
-0.054231186,-0.064671921,B
-0.060284466,-0.07076984,B
-0.053104452,-0.06359064,B
-0.060851666,-0.071339447,B
-0.019273818,-0.029776688,B
-0.068229355,-0.0787518,B
0.128067983,0.117524789,B
0.073737147,0.063189195,B
0.061482239,0.050920294,B
0.057129942,0.0465677,B
-0.013651938,-0.024232201,B
-0.029550437,-0.040132361,B
-0.029605615,-0.040187612,B
-0.073074434,-0.083661665,B
0.065790385,0.055185656,B
-0.0821138,-0.092723731,B
-0.073342618,-0.08395261,B
0.101330248,0.090646627,B
-0.032400574,-0.04311249,B
0.060524541,0.049787187,B
-0.068374996,-0.079121047,B
-0.045445762,-0.056200267,B
0.084816691,0.074057639,B
0.06848425,0.057701146,B
-0.037462195,-0.048252616,B
0.060600599,0.049770194,B
0.07191011,0.061064892,B
-0.061151655,-0.072025616,B
-0.062620861,-0.073509932,B
-0.069422666,-0.08031438,B
-0.113065068,-0.123972808,B
0.108716243,0.097787135,B
-0.050456037,-0.06140798,B
-0.025457163,-0.036456588,B
-0.009621269,-0.020643877,B
-0.046742288,-0.057775408,B
0.010828203,-0.000219798,B
-0.073433626,-0.084493616,B
0.04593046,0.034866918,B
-0.010656907,-0.021779821,B
-0.061496349,-0.072625227,B
-0.003821087,-0.014952576,B
-0.034791348,-0.045925889,B
0.005248683,-0.005888345,B
-0.010824007,-0.021980963,B
-0.066405736,-0.077572303,B
0.077926244,0.066758586,B
0.067490089,0.056315442,B
-0.054116295,-0.065298001,B
0.058570005,0.04737698,B
0.075349637,0.064136217,B
-0.074470431,-0.085685228,B
-0.059780103,-0.071005799,B
0.046356094,0.035122171,B
-0.01486227,-0.02611633,B
-0.022293168,-0.033550958,B
-0.067120831,-0.078380888,B
0.063521087,0.052228652,B
0.017256636,0.005941234,B
-0.04233972,-0.053657756,B
-0.045905002,-0.057228527,B
-0.016865385,-0.028194692,B
-0.047456817,-0.058788358,B
0.068765026,0.057425292,B
0.01952577,0.008157888,B
0.06658598,0.055217243,B
0.077338926,0.065956687,B
-0.055105511,-0.06653334,B
-0.067468659,-0.078925316,B
-0.001453472,-0.012910423,B
-0.061478623,-0.07293634,B
0.022404938,0.010934796,B
0.044571659,0.033084432,B
0.049078352,0.037565733,B
-0.065423748,-0.076943481,B
-0.054646103,-0.066166237,B
-0.056676051,-0.068199483,B
0.073122571,0.061553633,B
-0.008322472,-0.019893974,B
0.112111832,0.100540282,B
-0.104499122,-0.116087242,B
0.023924817,0.012306116,B
0.111940859,0.100310888,B
-0.058874554,-0.070528093,B
-0.056141978,-0.067838738,B
-0.027134286,-0.038842211,B
-0.066896908,-0.078611886,B
0.041527417,0.029810425,B
-0.048623654,-0.060354812,B
-0.072687359,-0.084431943,B
-0.040902485,-0.052658205,B
-0.011359512,-0.023122798,B
0.067733817,0.055947258,B
0.103354846,0.091567805,B
0.050786405,0.038985567,B
-0.056289996,-0.068098366,B
0.125385315,0.113560758,B
-0.062648002,-0.074480127,B
-0.069192142,-0.081033556,B
0.042040512,0.030194736,B
0.07241655,0.060561941,B
-0.039520745,-0.051384847,B
0.095878546,0.083991471,B
0.073340675,0.061412259,B
0.03135503,0.01942571,B
-0.05856191,-0.070496977,B
-0.000501613,-0.012437439,B
-0.018656789,-0.030639974,B
-0.060624728,-0.072613204,B
-0.029212309,-0.04120897,B
0.029069847,0.017072095,B
-0.057597203,-0.069596008,B
0.096119834,0.084104702,B
0.113212192,0.101175327,B
0.045279245,0.033238969,B
0.040581969,0.02852452,B
-0.057880425,-0.069940552,B
-0.066822405,-0.078894749,B
0.058645865,0.046525776,B
-0.068461496,-0.080584052,B
0.040310616,0.028160904,B
-0.002049399,-0.014201277,B
-0.018891483,-0.031050833,B
-0.057323154,-0.069516016,B
-0.016740319,-0.028942381,B
0.012135203,-0.000142232,B
-0.056715465,-0.068996379,B
-0.054900289,-0.06719025,B
0.0484978,0.036192503,B
-0.057970837,-0.070277807,B
-0.034497293,-0.046813135,B
0.047887918,0.035552577,B
-0.060201877,-0.072550649,B
0.004844872,-0.007538462,B
0.058744447,0.046348401,B
-0.049816771,-0.062214278,B
-0.056898956,-0.069334107,B
0.077056512,0.064557148,B
0.151636388,0.139121045,B
-0.091185514,-0.103727401,B
0.065836656,0.053283172,B
-0.010156957,-0.022716821,B
-0.056424641,-0.068990472,B
0.053332806,0.040764872,B
-0.074523604,-0.087112358,B
0.01136731,-0.001233673,B
0.11211185,0.099481684,B
0.062630996,0.049978292,B
0.129810374,0.117102647,B
-0.05403994,-0.06677204,B
-0.008690355,-0.021471092,B
-0.068182275,-0.080979815,B
-0.011624914,-0.024427717,B
-0.033163951,-0.045968012,B
0.083255835,0.070450858,B
-0.040764959,-0.05358623,B
-0.078202928,-0.091040985,B
0.095152569,0.082251875,B
-0.054502664,-0.067413133,B
0.076322542,0.063380951,B
0.122978904,0.110036607,B
0.013014397,6.39E-05,B
-0.013167642,-0.026133186,B
0.029964498,0.016993077,B
0.054284378,0.041308909,B
0.067404911,0.054411892,B
-0.055783504,-0.06878359,B
-0.069443575,-0.08244598,B
-0.059800445,-0.072805381,B
-0.057093481,-0.070106559,B
-0.000875337,-0.01390678,B
0.175432581,0.162400819,B
-0.031812445,-0.044853373,B
-0.049374976,-0.062469075,B
0.014417065,0.001306783,B
-0.050570389,-0.063694514,B
-0.058554528,-0.071685166,B
0.04507744,0.03192092,B
0.110368476,0.097209757,B
-0.035993069,-0.049162014,B
-0.056801772,-0.06997716,B
-0.040204162,-0.053381799,B
0.064194147,0.05098103,B
0.057572381,0.044358367,B
0.062957683,0.049741861,B
0.065768577,0.052548714,B
0.086545996,0.073317966,B
0.014480085,0.001251921,B
0.085498028,0.072266082,B
-0.041759288,-0.054994275,B
-0.043327537,-0.056592282,B
0.053126657,0.039843893,B
0.062142974,0.048832992,B
0.075255442,0.061930132,B
-0.028429309,-0.041797962,B
0.029209056,0.015839017,B
0.070121309,0.056751009,B
-0.056879543,-0.070294215,B
-0.071448858,-0.084911334,B
-0.054613128,-0.068148182,B
0.064321623,0.050748618,B
-0.077086379,-0.090663278,B
0.070612161,0.057031238,B
-0.015978463,-0.029572644,B
0.06062922,0.047012962,B
0.156353503,0.142730868,B
0.065779315,0.052150197,B
-0.056934901,-0.07059204,B
-0.053626285,-0.067317076,B
0.055222356,0.041528879,B
0.085184547,0.071482815,B
-0.066422293,-0.080141062,B
-0.014605084,-0.028335493,B
-0.035686268,-0.049455603,B
0.06035706,0.04658284,B
0.080084875,0.066300375,B
0.057671605,0.04382389,B
0.023602089,0.009705017,B
-0.000897454,-0.014824002,B
0.02179388,0.007756077,B
-0.083921765,-0.098035395,B
-0.047227124,-0.061358862,B
-0.064729869,-0.078897055,B
0.108411262,0.094226909,B
0.033784447,0.019580367,B
0.059770866,0.045565927,B
0.120882031,0.106671822,B
-0.060716523,-0.074935945,B
-0.023194272,-0.037452957,B
0.09373561,0.079473821,B
-0.021467873,-0.035741324,B
-0.066380214,-0.080656568,B
-0.024005443,-0.038322204,B
-0.081680667,-0.096018466,B
0.030847904,0.01650905,B
-0.05765405,-0.072033688,B
0.064265762,0.049872688,B
-0.076598142,-0.091007961,B
0.03018929,0.015778438,B
-0.050130611,-0.064548224,B
0.071240053,0.05681212,B
0.010308699,-0.00412556,B
-0.037554641,-0.051996754,B
-0.098809149,-0.113261218,B
-0.030147458,-0.044630591,B
0.038229715,0.023743131,B
-0.033368327,-0.047856656,B
-0.097896343,-0.112393175,B
-0.007857946,-0.022386715,B
-0.001510628,-0.016041331,B
-0.014192881,-0.028734442,B
0.043125834,0.028537053,B
-0.039189802,-0.053780367,B
-0.033388296,-0.047990146,B
0.076362035,0.061751616,B
0.000496635,-0.014117975,B
-0.066641898,-0.081257869,B
0.031383652,0.016718265,B
0.067284769,0.052613045,B
0.056750598,0.042067084,B
-0.027209306,-0.041921372,B
0.087875493,0.07313095,B
-0.072001752,-0.086747864,B
0.049896389,0.035106456,B
0.067107981,0.052293172,B
-0.039084535,-0.053906802,B
0.090825679,0.075996639,B
-0.07666375,-0.091508067,B
0.099277631,0.08442777,B
0.065257496,0.050407492,B
-0.039049756,-0.05391439,B
0.084397728,0.069525093,B
0.11981777,0.104899502,B
-0.068198604,-0.083128129,B
0.02554562,0.010583505,B
0.125583504,0.110617468,B
0.080117074,0.065125795,B
-0.049785169,-0.064818037,B
0.063140916,0.048098531,B
0.024398647,0.009353029,B
0.071196838,0.056150616,B
0.093596968,0.078458437,B
0.124395446,0.109255692,B
0.068703882,0.053552898,B
-0.049486834,-0.064642046,B
0.068048892,0.0528899,B
0.06236772,0.047207994,B
0.068579325,0.053400594,B
-0.034644661,-0.049873263,B
-0.031252166,-0.046483754,B
0.092459037,0.077192479,B
0.11142578,0.09613834,B
0.068243232,0.052948294,B
0.061051706,0.045751041,B
0.070873245,0.055556816,B
-0.057506959,-0.07282583,B
-0.00856717,-0.023906383,B
0.085614156,0.070268171,B
-0.067242562,-0.08260902,B
0.158546654,0.143158894,B
-0.071885916,-0.087275116,B
0.045266681,0.02984916,B
-0.037265816,-0.052689739,B
0.125339534,0.109883221,B
-0.063203757,-0.078752166,B
-0.053557784,-0.069115368,B
-0.057472903,-0.073041257,B
-0.058776755,-0.0743685,B
-0.057611004,-0.073205309,B
-0.02349956,-0.039112808,B
-0.084618435,-0.100242278,B
-0.033998319,-0.049706,B
0.070792078,0.054976866,B
0.108559883,0.092742736,B
-0.021273542,-0.037106104,B
0.090472273,0.074609582,B
0.019514184,0.003626512,B
-0.08156434,-0.097472618,B
-0.059216193,-0.075127945,B
-0.037443776,-0.053361168,B
0.099523498,0.083601895,B
0.080717457,0.064780784,B
-0.032595198,-0.048543902,B
0.073227426,0.057251182,B
-0.032487943,-0.048464209,B
-0.067806488,-0.083854161,B
-0.009157821,-0.025205609,B
0.040963557,0.024893764,B
0.101280403,0.085206219,B
0.115450466,0.099374354,B
0.067873832,0.051755641,B
0.089625357,0.073485863,B
-0.039617078,-0.055774994,B
0.062065084,0.045905976,B
0.026011917,0.009815595,B
0.067631688,0.051430798,B
-0.036047168,-0.05225337,B
0.057261623,0.041055185,B
-0.050909535,-0.067154988,B
-0.064877448,-0.08112395,B
-0.09739609,-0.113668303,B
-0.060141773,-0.076430141,B
-0.008986792,-0.025297014,B
-0.017632331,-0.033951032,B
-0.004218755,-0.020556547,B
-0.041990179,-0.058354031,B
-0.101568593,-0.117949511,B
-0.063685666,-0.080099377,B
0.046322204,0.029885392,B
-0.036785687,-0.053242018,B
0.029940151,0.01346578,B
-0.099886848,-0.116368339,B
0.035581332,0.019078183,B
-0.060755613,-0.077286655,B
-0.034383143,-0.05095143,B
0.066753097,0.050174956,B
-0.034909397,-0.051508962,B
-0.067488213,-0.084090746,B
-0.051752896,-0.068397779,B
-0.056093112,-0.07274012,B
-0.092177915,-0.108828017,B
-0.030431425,-0.047084397,B
-0.06042113,-0.077074116,B
-0.055867208,-0.07256052,B
0.021678101,0.004975938,B
0.074243272,0.057535097,B
-0.055028702,-0.071760441,B
0.116311542,0.099570869,B
-0.024749081,-0.041492436,B
0.052388625,0.035617317,B
-0.059475268,-0.076270903,B
-0.04074642,-0.057584711,B
-0.033610122,-0.050481034,B
0.093277764,0.076377481,B
0.085451413,0.068453606,B
-0.021368195,-0.038369809,B
0.067579434,0.050536288,B
-0.0400398,-0.05710851,B
0.08626159,0.069157919,B
0.054356073,0.037235265,B
0.171117807,0.153973192,B
-0.05641854,-0.073579888,B
-0.045553119,-0.062727849,B
0.097110396,0.079930485,B
0.082223902,0.065009775,B
0.055209368,0.037987955,B
-0.099232587,-0.116506846,B
0.047219034,0.029866414,B
0.023788001,0.00639225,B
0.101833389,0.084426881,B
0.073842737,0.056429334,B
0.074331105,0.056863057,B
0.057559595,0.040088599,B
0.074506956,0.057030457,B
-0.007859583,-0.025352007,B
0.087531209,0.070029074,B
-0.052520183,-0.070030037,B
0.144722228,0.1272088,B
-0.101960738,-0.119496405,B
0.043880867,0.026342716,B
-0.009130544,-0.026689964,B
0.062388417,0.044818261,B
0.100772126,0.083187398,B
0.100234751,0.082629709,B
0.075193703,0.057410912,B
0.084714655,0.066886483,B
0.073537855,0.055702523,B
0.065700155,0.047844193,B
-0.079068223,-0.09696575,B
0.032370184,0.014456367,B
0.06680862,0.048807352,B
-0.105608816,-0.123626728,B
-0.044900262,-0.06295388,B
0.028341582,0.010281808,B
-0.032583349,-0.050648809,B
0.080019939,0.061929683,B
0.052958633,0.034863284,B
0.07792881,0.059829532,B
0.059726841,0.041622432,B
0.035186636,0.017050317,B
-0.025786518,-0.044032768,B
-0.023349752,-0.041614797,B
-0.03626205,-0.054533205,B
0.05541336,0.037112203,B
-0.072580933,-0.090901971,B
-0.030813927,-0.049138541,B
-0.017495583,-0.035827156,B
-0.0384272,-0.05676219,B
-0.06928395,-0.087632474,B
0.001514854,-0.016881418,B
0.098072028,0.079659618,B
-0.021997797,-0.040426539,B
0.01599847,-0.002455618,B
0.038503034,0.02002907,B
-0.079967706,-0.098483747,B
0.087463897,0.068942795,B
-0.037890382,-0.056411536,B
0.101853734,0.083331834,B
-0.030317468,-0.048843215,B
0.108065307,0.089531515,B
0.065068805,0.046515353,B
0.163876437,0.145273959,B
-0.055923337,-0.074527927,B
-0.062696458,-0.081305576,B
-0.06322118,-0.081837796,B
0.04696788,0.028346688,B
-0.011567412,-0.030250561,B
-0.027205253,-0.045890186,B
-0.032775463,-0.051491936,B
-0.094351297,-0.113105164,B
-0.070972165,-0.089729033,B
-0.06052129,-0.079316899,B
0.076316205,0.057485856,B
-0.040079474,-0.058916353,B
-0.004814688,-0.023669535,B
0.072812789,0.053942223,B
0.058228991,0.039318511,B
0.065314139,0.046392507,B
-0.020404655,-0.03935879,B
-0.047884851,-0.066840781,B
0.065437272,0.046477813,B
-0.065884336,-0.084855052,B
-0.019156065,-0.038128331,B
0.05552804,0.036502042,B
0.00158281,-0.017445085,B
0.022007892,0.002931685,B
-0.0297376,-0.048864054,B
0.125099872,0.10596401,B
0.013510642,-0.005645851,B
0.080192958,0.060992736,B
-0.051990433,-0.071199128,B
-0.03974015,-0.058965458,B
-0.023604855,-0.042836413,B
0.073252381,0.054005449,B
-0.07503489,-0.094290144,B
-0.022977661,-0.042254936,B
-0.0892147,-0.108603024,B
-0.042614113,-0.062013526,B
-0.023941611,-0.043365282,B
-0.055270401,-0.074695901,B
0.006155899,-0.013313763,B
0.048745826,0.029272229,B
-0.086293715,-0.105842177,B
0.11357306,0.094016614,B
0.077117981,0.057555557,B
-0.070096156,-0.089672393,B
0.060119553,0.040530939,B
0.033048938,0.013437881,B
0.080986797,0.061371498,B
-0.032981698,-0.052635292,B
-0.031435081,-0.051090535,B
-0.046872712,-0.066543157,B
-0.033760481,-0.053438605,B
0.058607327,0.03889938,B
0.037129335,0.017405745,B
0.0590841,0.039317165,B
-0.019081906,-0.038866614,B
0.116071234,0.096263304,B
0.062323883,0.042492274,B
-0.040374286,-0.060206541,B
0.060882862,0.041040062,B
0.054019312,0.034151406,B
-0.026178076,-0.046055152,B
0.085708304,0.065806586,B
0.048161928,0.028255974,B
0.077394666,0.057484111,B
-0.074217466,-0.094133173,B
0.00491489,-0.015025145,B
0.02142596,0.001461909,B
-0.097287785,-0.117259074,B
-0.059190736,-0.079205127,B
0.117886477,0.097799734,B
-0.063557939,-0.083646698,B
0.054678811,0.034588155,B
-0.063539897,-0.083684117,B
-0.013820531,-0.033969098,B
0.122730928,0.102540629,B
0.021010778,0.000751918,B
-0.048079346,-0.068338645,B
0.071486509,0.051173502,B
0.081772252,0.061453495,B
0.05516074,0.034830577,B
0.010340419,-0.010007442,B
-0.111681869,-0.132050741,B
0.021628633,0.001198033,B
-0.032343948,-0.052775111,B
-0.02244916,-0.042885621,B
0.050124331,0.029684612,B
-0.064543127,-0.084997693,B
0.049249748,0.028789691,B
-0.085377562,-0.105838847,B
0.05106572,0.030592212,B
-0.022522816,-0.043025446,B
-0.053796856,-0.074301127,B
0.094719635,0.074208765,B
-0.027542534,-0.048084988,B
-0.060319931,-0.080870047,B
0.082597283,0.062023749,B
-0.082998606,-0.103583823,B
0.090459534,0.069868343,B
0.067406723,0.046804652,B
0.09053751,0.069930106,B
0.060839966,0.04022451,B
-0.055000469,-0.075689376,B
-0.031353181,-0.052060641,B
0.029535539,0.008803274,B
0.055274806,0.034475766,B
0.031647411,0.010801603,B
-0.073246941,-0.094100136,B
0.031014996,0.010157472,B
-0.039829033,-0.060706138,B
0.055115772,0.034173349,B
0.009256141,-0.011712806,B
0.027272282,0.006281785,B
-0.066659541,-0.087691791,B
-0.088798332,-0.10983379,B
-0.019556181,-0.040600717,B
8.85E-05,-0.020956292,B
0.135458987,0.114347797,B
-0.082307417,-0.103437022,B
-0.03584632,-0.05698031,B
0.070090335,0.048909939,B
0.065067521,0.04387859,B
-0.046895087,-0.06810073,B
0.147638732,0.126334405,B
-0.048217356,-0.0695247,B
0.125835032,0.104513507,B
0.062212697,0.040847935,B
0.004220008,-0.017151876,B
-0.052779276,-0.074182296,B
0.01449324,-0.006918248,B
0.063097844,0.041679953,B
-0.048265261,-0.069701975,B
0.061083917,0.039639465,B
-0.083202087,-0.104654459,B
0.090742973,0.069273311,B
0.051885898,0.030413257,B
-0.059610263,-0.081096432,B
-0.080952249,-0.102440256,B
-0.034372216,-0.055873629,B
-0.069711329,-0.09122343,B
-0.042601225,-0.064118532,B
0.062466973,0.040937656,B
0.072742515,0.051193635,B
-0.036949392,-0.058509232,B
0.039262436,0.017685212,B
-0.021932731,-0.043517727,B
0.048777041,0.027177743,B
0.052797289,0.031187938,B
0.110323624,0.088677673,B
0.09068017,0.068987371,B
-0.03204672,-0.053781151,B
-0.029217065,-0.050984766,B
0.130016934,0.108249164,B
-0.034946387,-0.056718796,B
0.070339825,0.048418741,B
-0.085455613,-0.10739246,B
0.067869751,0.045893438,B
-0.038071702,-0.060062993,B
0.057138921,0.035105959,B
-0.051636015,-0.073676143,B
0.080115573,0.058038893,B
0.069007431,0.046915777,B
0.013096908,-0.009003538,B
0.083742737,0.061574982,B
0.046405087,0.024233707,B
0.002771013,-0.019466687,B
-0.012233796,-0.03448632,B
-0.02020688,-0.04250587,B
0.093490458,0.071187116,B
0.063663908,0.04135682,B
0.044817717,0.022503967,B
0.027023164,0.004606406,B
-0.102771469,-0.125211826,B
0.024535218,0.002079777,B
0.003796475,-0.018675738,B
-0.036570412,-0.059059886,B
-0.055889501,-0.078460721,B
-0.038112799,-0.060704079,B
0.074732669,0.052138015,B
0.039611103,0.016981361,B
0.039272076,0.016610934,B
0.067131112,0.044431809,B
-0.097024391,-0.119738541,B
-0.01324582,-0.036015522,B
-0.105368325,-0.128180356,B
0.080631583,0.057813005,B
-0.032533291,-0.055358489,B
-0.091854853,-0.114697188,B
0.075576414,0.052672303,B
-0.059375497,-0.082324159,B
-0.011374975,-0.034398237,B
-0.013224116,-0.036307807,B
-0.017765965,-0.040852104,B
0.018851932,-0.004262726,B
-0.044084996,-0.067220936,B
-0.006582818,-0.029737475,B
0.102506229,0.079335244,B
-0.06027027,-0.083443834,B
-0.06988011,-0.093059233,B
-0.06598905,-0.089172461,B
0.048018044,0.024815192,B
-0.03843467,-0.061661426,B
-0.0111043,-0.034375608,B
-0.026468141,-0.049750212,B
-0.093642175,-0.116924597,B
-0.087791993,-0.111101876,B
-0.042947605,-0.066276103,B
0.023621627,0.000286289,B
0.096112472,0.072768618,B
0.079148623,0.055799416,B
-0.09523053,-0.118587245,B
0.095003913,0.071629465,B
-0.035133601,-0.058516669,B
-0.056882192,-0.080268473,B
-0.041890405,-0.065307745,B
0.078652003,0.055226356,B
0.080625337,0.057193967,B
0.036300028,0.012759411,B
-0.042987139,-0.066533523,B
-0.051514728,-0.075103106,B
-0.02717649,-0.050766926,B
0.116451398,0.092858805,B
-0.023132181,-0.046728342,B
-0.022010028,-0.045615315,B
-0.003343746,-0.026978912,B
0.039634034,0.015990337,B
-0.094017885,-0.117720548,B
-0.097291288,-0.12102866,B
0.106721149,0.082930675,B
-0.043514316,-0.067330903,B
-0.098322198,-0.122161158,B
-0.05376661,-0.077657326,B
-0.039760125,-0.063652693,B
0.057019526,0.033124332,B
0.079706088,0.055722532,B
0.013065305,-0.010930012,B
0.086730023,0.062704511,B
0.034502611,0.010470542,B
0.075426039,0.051350517,B
0.028124184,0.004015936,B
0.069608972,0.045475915,B
0.009059494,-0.015115412,B
-0.084275185,-0.108456915,B
0.031205746,0.007012108,B
-0.04048536,-0.064684649,B
0.070310083,0.046096287,B
0.058355345,0.034139262,B
-0.061871737,-0.0861365,B
0.028455613,0.004187492,B
0.008027795,-0.016285257,B
-0.095752839,-0.120073451,B
-0.046655103,-0.070985307,B
0.051067711,0.026731903,B
0.065983864,0.041536289,B
0.053931343,0.029474232,B
0.059054839,0.034577652,B
-0.060641721,-0.085146436,B
0.082535177,0.058018599,B
0.00881116,-0.015761844,B
-0.044461043,-0.069078808,B
0.066856318,0.042210841,B
0.085289385,0.060634668,B
-0.044921971,-0.069598128,B
-0.019971776,-0.044677661,B
-0.05495921,-0.07966697,B
-0.056881348,-0.081610612,B
0.058952618,0.034185477,B
-0.007908813,-0.032691678,B
0.039989337,0.015170928,B
0.004074428,-0.020750929,B
0.04578905,0.020957334,B
0.035828353,0.010918141,B
0.105460006,0.080508955,B
-0.023552519,-0.048515385,B
-0.098713371,-0.123723452,B
0.073126202,0.048102966,B
0.055241794,0.030194386,B
0.116991573,0.091907583,B
-0.095450655,-0.120550074,B
-0.058043779,-0.083164584,B
-0.030756105,-0.055931341,B
0.10940409,0.084212929,B
0.086705074,0.061511661,B
-0.019767193,-0.044970772,B
-0.097572931,-0.122776626,B
0.026016739,0.0008105,B
0.177253889,0.152035437,B
-0.035419015,-0.060678435,B
0.093356093,0.068085693,B
-0.040807417,-0.066083387,B
-0.054401749,-0.079688343,B
0.067911888,0.042585361,B
0.065270986,0.039941902,B
-0.00962465,-0.034956919,B
0.004008967,-0.021445299,B
-0.008331237,-0.033789355,B
-0.044542641,-0.070001121,B
-0.008312157,-0.033807611,B
0.124315396,0.098783143,B
0.055220129,0.029652674,B
0.115755171,0.090143626,B
0.095032483,0.069395263,B
0.000753578,-0.024912237,B
0.084421435,0.058755088,B
0.082381125,0.056700411,B
-0.089180456,-0.114890723,B
-0.033793138,-0.059513473,B
-0.084613034,-0.110338184,B
-0.043338854,-0.069072805,B
-0.017043927,-0.042778958,B
0.093820782,0.068068731,B
-0.080640642,-0.10640424,B
-0.045123953,-0.070891675,B
0.062098042,0.036314884,B
-0.009264041,-0.035054795,B
0.076061807,0.050244198,B
0.081194004,0.055370661,B
0.050095744,0.02424682,B
-0.0159079,-0.041770259,B
0.057157299,0.031272382,B
-0.053838407,-0.079810256,B
0.051660685,0.02567918,B
0.099871319,0.073886347,B
-0.018166815,-0.04415519,B
0.103222487,0.077233157,B
-0.052639397,-0.07865164,B
0.064795174,0.038757605,B
-0.033094453,-0.059137755,B
0.068479425,0.042420435,B
-0.012355971,-0.038425838,B
0.004203666,-0.021924253,B
0.049758036,0.023617725,B
0.085525785,0.059364114,B
0.166010093,0.139833384,B
0.058600497,0.032410255,B
0.1077242,0.081525896,B
-0.007917996,-0.034141072,B
-0.028873184,-0.055098349,B
0.074534686,0.04827787,B
0.045804693,0.019490306,B
0.005617791,-0.020841641,B
-0.068391265,-0.094908605,B
0.072056312,0.045536819,B
-0.054741193,-0.081296319,B
0.013532159,-0.013031261,B
0.023578975,-0.002993163,B
0.034364677,0.00778586,B
-0.003760691,-0.030378113,B
0.033451196,0.006817327,B
0.077314429,0.050653954,B
-0.001400067,-0.028093315,B
0.047776323,0.021038525,B
-0.044068173,-0.07085437,B
0.077744834,0.050934431,B
-0.054591917,-0.081435073,B
-0.062878519,-0.089750202,B
-0.001838417,-0.028710308,B
-0.055744106,-0.082689797,B
0.152280977,0.125318574,B
-0.083069592,-0.110039513,B
0.05260115,0.025610062,B
0.01672816,-0.010266603,B
-0.045206683,-0.072221742,B
0.071884557,0.044832732,B
0.066245347,0.039144509,B
-0.070668165,-0.09778481,B
0.046119919,0.019000732,B
0.08806137,0.060925318,B
0.029156036,0.001986145,B
0.07291127,0.045667665,B
0.091361448,0.064117653,B
0.094409285,0.067116705,B
0.091138782,0.063813577,B
0.073002085,0.045671832,B
-0.031908639,-0.059260107,B
-0.044377436,-0.071775276,B
-0.047328641,-0.074730815,B
-0.047710585,-0.075161647,B
0.037420028,0.009964556,B
-0.034697053,-0.062185241,B
-0.034984879,-0.062477529,B
-0.04482287,-0.072391334,B
0.062440708,0.034871163,B
-0.044428402,-0.071998209,B
-0.012786182,-0.040386802,B
0.140006217,0.11238779,B
-0.002029439,-0.029663339,B
-0.094570746,-0.122221391,B
-0.042176901,-0.069840397,B
-0.036201457,-0.063900525,B
0.035295872,0.007585633,B
-0.044908585,-0.072638286,B
-0.023880222,-0.051622991,B
0.097291669,0.069545161,B
-0.028551258,-0.056298062,B
0.019204352,-0.008542767,B
-0.040359187,-0.068128878,B
0.108002746,0.08022679,B
-0.049257924,-0.077043846,B
-0.061132637,-0.088932314,B
-0.058330051,-0.086130367,B
0.075494048,0.047691271,B
0.064008694,0.036204799,B
0.110348366,0.082523333,B
-0.010054069,-0.037885085,B
-0.042042581,-0.069885915,B
0.097441799,0.069587011,B
0.052916617,0.025044493,B
0.002455035,-0.025503228,B
-0.04727575,-0.07524179,B
-0.003014737,-0.030997393,B
0.106120707,0.078137935,B
-0.083548641,-0.111545176,B
0.081418786,0.053414643,B
-0.051186129,-0.079257476,B
-0.025654749,-0.053726928,B
-0.035169745,-0.063276118,B
-0.039687103,-0.067802958,B
-0.10916025,-0.137289175,B
0.082450202,0.054317042,B
0.040757032,0.012591321,B
0.049338178,0.021142571,B
0.105782414,0.077585159,B
-0.062815718,-0.091017769,B
0.045591879,0.017377479,B
-0.024709799,-0.052968647,B
-0.02340605,-0.051679217,B
-0.027043713,-0.055354895,B
0.062642711,0.034309367,B
0.053368879,0.025013126,B
0.000891388,-0.027483952,B
0.042465058,0.014088609,B
-0.044428971,-0.072815615,B
-0.042169295,-0.070584444,B
-0.005004681,-0.033420616,B
0.073656736,0.045237405,B
0.075803367,0.047350633,B
-0.054763658,-0.083229576,B
0.052600622,0.024131567,B
-0.060113117,-0.088582493,B
-0.015657759,-0.044168736,B
0.052509049,0.023996529,B
-0.067930569,-0.096456681,B
-0.063357866,-0.091944337,B
-0.070931084,-0.099518501,B
0.061157107,0.032565267,B
0.06839054,0.039797648,B
0.119534611,0.090938165,B
-0.026485029,-0.055117046,B
-0.054283607,-0.082930877,B
-0.041480814,-0.070135534,B
-0.071069872,-0.099724782,B
-0.063190957,-0.091864849,B
0.103424305,0.074729307,B
0.086759899,0.058051149,B
0.077144184,0.048425718,B
0.073151396,0.044403428,B
-0.036988925,-0.065809622,B
0.123348777,0.094502483,B
0.001981837,-0.026868689,B
0.062465567,0.033529224,B
0.000507242,-0.02846333,B
0.06234619,0.033332189,B
0.021752489,-0.007296535,B
-0.011588079,-0.040676226,B
0.068006016,0.038870387,B
-0.05814368,-0.087373554,B
-0.043739166,-0.073017797,B
0.002782054,-0.026586154,B
-0.045712203,-0.075081153,B
-0.019505078,-0.048935414,B
0.084154815,0.054715146,B
0.064325714,0.034755609,B
-0.034515682,-0.064088834,B
0.054571571,0.024992207,B
0.006391132,-0.023206032,B
-0.007018935,-0.036627052,B
0.056843669,0.027226048,B
-0.015716947,-0.04539543,B
0.089334483,0.059648159,B
0.043837098,0.014150085,B
0.083161302,0.0534548,B
0.056385679,0.026672042,B
-0.048766544,-0.078489359,B
-0.05201961,-0.081763656,B
-0.049328469,-0.079072536,B
0.078297686,0.048531975,B
-0.029663963,-0.059453919,B
0.09799402,0.068184975,B
0.058512288,0.028651183,B
0.05826745,0.028342246,B
0.07148012,0.041490044,B
0.092915433,0.062920877,B
-0.060705574,-0.090768379,B
0.066693663,0.03661759,B
0.015486737,-0.014590136,B
0.089678135,0.059597382,B
0.093756357,0.063665507,B
-0.055450187,-0.08555201,B
0.061569803,0.031464729,B
-0.022159123,-0.052328786,B
0.082937064,0.052758335,B
0.063432528,0.033222091,B
-0.089166108,-0.119484713,B
-0.034318482,-0.064652601,B
0.075872416,0.045509995,B
0.038639766,0.008246071,B
-0.035156874,-0.065555688,B
0.087362392,0.056962564,B
0.030480973,5.80E-05,B
0.060624636,0.030199963,B
-0.066180177,-0.096625181,B
-0.059716343,-0.090183504,B
-0.041443541,-0.071944127,B
-0.086639825,-0.117160619,B
-0.043548479,-0.074108534,B
0.063857734,0.03327357,B
-0.054806084,-0.085448422,B
-0.077874646,-0.108546023,B
-0.055421053,-0.086097533,B
-0.044404238,-0.075082393,B
-0.028828785,-0.059532603,B
0.04576878,0.015058326,B
0.053341769,0.022538715,B
-0.086961705,-0.11781639,B
-0.017684788,-0.048571871,B
0.118769173,0.087878552,B
0.00905232,-0.021872846,B
0.007075732,-0.02385318,B
-0.037614673,-0.06855601,B
0.037116649,0.006171225,B
0.066335189,0.035362349,B
0.033384235,0.002400875,B
-0.020578563,-0.051574398,B
0.017625777,-0.013370895,B
-0.051162457,-0.082159571,B
0.067446919,0.036442879,B
0.090887792,0.059867808,B
-0.073251479,-0.104296289,B
-0.09475163,-0.125810674,B
0.005659221,-0.025416092,B
0.04935362,0.018276016,B
0.009647152,-0.021462707,B
-0.020265052,-0.051386092,B
0.090195041,0.059072677,B
0.006948771,-0.024180275,B
0.000957201,-0.030177713,B
0.036234742,0.005015132,B
-0.057531608,-0.088781216,B
-0.014093431,-0.04539362,B
-0.078797486,-0.110100798,B
-0.017730758,-0.049035131,B
0.0812012,0.049894764,B
0.074045496,0.04262764,B
-0.043492034,-0.074910467,B
0.130496836,0.099065609,B
-0.02966807,-0.061101782,B
0.022778648,-0.008655106,B
-0.037520413,-0.068965764,B
-0.032349096,-0.06381193,B
-0.026608407,-0.058090689,B
-0.049932868,-0.081417018,B
-0.072192436,-0.103715654,B
0.074231723,0.042674015,B
0.109739334,0.078130752,B
0.036477451,0.004863457,B
-0.01894554,-0.050569336,B
-0.0000037,-0.031709117,B
0.059613106,0.027906955,B
0.100113163,0.068403395,B
0.076061799,0.044340744,B
-0.038954412,-0.070724443,B
-0.080749483,-0.112563583,B
0.111711324,0.079890879,B
0.091554145,0.059638987,B
-0.076261551,-0.10817942,B
-0.009799073,-0.041731148,B
0.064017551,0.032067814,B
0.04427022,0.012313478,B
0.077754268,0.045748819,B
0.081414438,0.049401065,B
-0.016812307,-0.048861823,B
0.193736116,0.161671872,B
0.119416268,0.08732877,B
0.035898625,0.003788295,B
0.065868111,0.033740383,B
-0.023061135,-0.055218692,B
-0.030954196,-0.063161602,B
-0.065523272,-0.097732343,B
0.009340729,-0.022916973,B
0.047654215,0.015380184,B
0.065720622,0.033393799,B
0.040008467,0.007671552,B
0.093267601,0.060908812,B
0.001231264,-0.031194001,B
-0.00141063,-0.033835954,B
0.050195694,0.017730386,B
-0.009395314,-0.041862755,B
0.036757238,0.00427236,B
-0.058920757,-0.091409994,B
-0.072866553,-0.105357918,B
-0.017544518,-0.0500403,B
-0.037759653,-0.070289592,B
0.024803604,-0.007732991,B
-0.01200833,-0.044553395,B
0.075175015,0.042618258,B
-0.017325834,-0.049924281,B
-0.016332388,-0.048944274,B
-0.068681772,-0.101309899,B
-0.02064874,-0.05328924,B
-0.047142868,-0.079812892,B
-0.029577991,-0.062383473,B
-0.033168111,-0.065999574,B
0.001139951,-0.031708808,B
0.086914517,0.05404617,B
-0.048403304,-0.081276371,B
0.053601839,0.020708458,B
0.053763695,0.020861045,B
0.057383748,0.024438026,B
0.106831139,0.073798826,B
-0.030848103,-0.06389427,B
0.071495639,0.038359598,B
0.012841543,-0.020300516,B
0.085831048,0.052686959,B
0.010679121,-0.022494366,B
0.076969013,0.043759329,B
-0.048274924,-0.08151618,B
0.065123826,0.031858285,B
0.086531447,0.053209699,B
-0.103915812,-0.137252554,B
0.091109238,0.057746299,B
0.070467462,0.037097412,B
0.053008899,0.019614699,B
0.043978355,0.010514065,B
-0.082351837,-0.115913247,B
-0.032647713,-0.066244836,B
0.006768577,-0.026838401,B
-0.031585944,-0.065202757,B
0.06143107,0.027787938,B
-0.077489986,-0.111141884,B
0.068679846,0.03501915,B
0.057923909,0.024168781,B
-0.058837223,-0.09259829,B
-0.058557718,-0.092332361,B
0.045017474,0.01122933,B
-0.006102113,-0.039891525,B
0.072783836,0.038942993,B
0.052575877,0.018678635,B
0.069142854,0.035244863,B
-0.004839948,-0.03886797,B
0.100101459,0.066067275,B
0.018102679,-0.015945651,B
0.016221406,-0.017841593,B
-0.013436118,-0.047516952,B
0.045820545,0.011728432,B
0.037383482,0.003287078,B
0.08826883,0.054169622,B
-0.032836624,-0.066945537,B
-0.012348616,-0.04646806,B
0.099241552,0.065083038,B
-0.038644074,-0.072806466,B
0.06803112,0.033817949,B
-0.037068392,-0.071303282,B
0.004253943,-0.029995521,B
0.022787029,-0.011471785,B
0.078609469,0.044346778,B
0.005915881,-0.028414827,B
0.014449682,-0.019914928,B
-0.020067085,-0.05446616,B
0.143953352,0.109554162,B
-0.047777043,-0.082177572,B
0.039611615,0.005209955,B
-0.060765814,-0.095216539,B
-0.012085013,-0.04655119,B
-0.050756853,-0.085231024,B
0.084694993,0.050216193,B
0.043840832,0.009305042,B
0.060521702,0.025979571,B
0.070355447,0.035811167,B
0.090969741,0.056381382,B
0.142899555,0.108224484,B
-0.044763915,-0.079468243,B
-0.039421309,-0.074136128,B
0.074496535,0.039761951,B
0.02810169,-0.006648227,B
0.001389522,-0.0333704,B
-0.016265133,-0.051067835,B
-0.033052559,-0.067870377,B
-0.034389186,-0.069239194,B
0.08647192,0.051603142,B
0.090285987,0.055410699,B
-0.056559294,-0.091484649,B
0.058662458,0.023715019,B
-0.033342954,-0.068308314,B
0.075515716,0.040539243,B
-0.031887089,-0.066887687,B
0.105563743,0.070553369,B
0.110905607,0.075870694,B
0.093909014,0.05887049,B
0.144862975,0.109784004,B
-0.06811825,-0.103207412,B
0.09542094,0.060330117,B
-0.048469798,-0.083574723,B
0.050905087,0.015782495,B
0.030292129,-0.004963905,B
-0.049026718,-0.084361482,B
0.005493542,-0.029892448,B
-0.065795929,-0.101208391,B
0.072239108,0.036796042,B
0.064521246,0.029042687,B
0.03253722,-0.002946888,B
0.08438843,0.04890115,B
0.054019991,0.018508958,B
0.029631527,-0.005898985,B
-0.086184417,-0.121720231,B
0.029504959,-0.00603094,B
0.073030933,0.037485988,B
-0.039468892,-0.075017187,B
-0.035223658,-0.07081228,B
0.104851941,0.069242126,B
0.036024544,0.000399772,B
-0.000958247,-0.036603062,B
0.019391112,-0.016290801,B
-0.001731095,-0.037414152,B
-0.043768367,-0.07946326,B
0.037550969,0.001853444,B
-0.043464177,-0.079165774,B
-0.011973269,-0.047682416,B
-0.035983541,-0.071801183,B
0.071747507,0.035846967,B
0.034230421,-0.001722212,B
-0.021922104,-0.057877594,B
0.041803046,0.005847407,B
-0.063629508,-0.099585579,B
0.054215687,0.018255795,B
-0.0708262,-0.106806535,B
-0.04194488,-0.077960215,B
0.076228094,0.040171953,B
-0.02305924,-0.059128557,B
0.093260308,0.05718651,B
-0.02199403,-0.058085735,B
-0.034417653,-0.070580231,B
-0.079520873,-0.115695328,B
-0.057014514,-0.09325495,B
0.031376251,-0.004897374,B
0.088965848,0.052673807,B
-0.015815537,-0.052116746,B
0.096568016,0.060247317,B
0.056498116,0.020174402,B
-0.029436237,-0.065795346,B
0.08753295,0.051128785,B
0.088397703,0.05196974,B
0.072695439,0.036220793,B
-0.037761189,-0.074252007,B
-0.047862797,-0.084426579,B
-0.048058747,-0.084671866,B
0.075332118,0.038718882,B
0.053904542,0.017230417,B
0.035698649,-0.001076815,B
0.025367657,-0.011423812,B
0.06453333,0.027741263,B
0.072061122,0.035248969,B
0.072920483,0.036099443,B
0.089771622,0.052931673,B
-0.046958781,-0.083838994,B
-0.019547616,-0.056453425,B
-0.031405268,-0.068325835,B
0.053619461,0.016698795,B
-0.019827466,-0.056812491,B
0.09068443,0.053680244,B
0.029305604,-0.00770669,B
-0.046891588,-0.083906485,B
-0.057414728,-0.094465329,B
-0.008901509,-0.045988901,B
-0.050495704,-0.087601436,B
-0.027141675,-0.064256388,B
-0.028610664,-0.065749315,B
-0.024852696,-0.06201792,B
0.074256413,0.037061639,B
0.073590798,0.036288277,B
-0.039563022,-0.076867519,B
-0.044221099,-0.081539245,B
0.056471619,0.019118569,B
-0.039883697,-0.077246107,B
-0.034798328,-0.072213777,B
0.100276688,0.062825756,B
-0.029370587,-0.066972478,B
0.013333257,-0.024277303,B
0.082755861,0.045111082,B
-0.038529257,-0.076213061,B
0.088875999,0.051156409,B
-0.023634768,-0.061370928,B
-0.010411294,-0.048171479,B
0.071863772,0.034060921,B
0.080185829,0.042371351,B
0.103071065,0.065244361,B
0.049941457,0.012097262,B
0.061498343,0.023634205,B
0.011774451,-0.026097873,B
0.113403261,0.075513623,B
0.038330711,0.000438517,B
-0.028337361,-0.066251457,B
-0.048347443,-0.086337685,B
0.090619886,0.05260863,B
0.033412808,-0.004606674,B
0.080135816,0.042024097,B
0.004621957,-0.03349677,B
-0.003389633,-0.041520649,B
-0.007618674,-0.045764323,B
-0.043726297,-0.081916021,B
-0.031121048,-0.069332672,B
0.120146961,0.081922225,B
0.004841453,-0.033397016,B
0.104856751,0.066578211,B
0.005289933,-0.03303021,B
-0.037220034,-0.07555468,B
0.018037405,-0.020311921,B
-0.044896736,-0.083310006,B
-0.037213095,-0.075661181,B
-0.024855294,-0.063304134,B
-0.034546151,-0.073002085,B
-0.044016558,-0.082505526,B
-0.031402241,-0.069920975,B
-0.034879163,-0.073440188,B
0.098717253,0.060033145,B
0.029899872,-0.008788048,B
-0.044344629,-0.083098103,B
0.015450829,-0.023316178,B
0.077132351,0.03834508,B
-0.048867704,-0.08773429,B
0.025255479,-0.013617722,B
0.034381968,-0.004501963,B
0.060271488,0.02135582,B
0.00151818,-0.03739749,B
0.108145816,0.06921516,B
-0.053072378,-0.092079348,B
0.005895661,-0.033135546,B
-0.005466756,-0.04453909,B
0.032778186,-0.006295486,B
-0.01102774,-0.050173082,B
0.062923129,0.023776641,B
-0.04682402,-0.085977031,B
0.065422253,0.026246726,B
-0.072103362,-0.111297865,B
0.075680712,0.036459843,B
0.084233359,0.044965959,B
-0.000359636,-0.039648367,B
0.101313466,0.062004639,B
0.061891796,0.022572208,B
0.076386071,0.037022888,B
-0.063963912,-0.103329756,B
-0.038298388,-0.077697443,B
-0.053302456,-0.092719678,B
0.020227604,-0.019231187,B
-0.03961558,-0.079133129,B
-0.0261334,-0.065690724,B
0.073997968,0.03440916,B
0.065583436,0.0258393,B
-0.060894275,-0.100674738,B
-0.048803792,-0.088614843,B
-0.030092686,-0.069978227,B
-0.005045527,-0.044964407,B
0.000102309,-0.039881021,B
0.016663521,-0.023333771,B
0.087383706,0.047382468,B
0.074733746,0.034718069,B
0.057424776,0.017404997,B
0.010190048,-0.029831102,B
0.057334322,0.017303178,B
-0.013475239,-0.053507296,B
-0.054466182,-0.094498771,B
0.078561928,0.038517294,B
-0.045537984,-0.085603439,B
-0.071909324,-0.111979809,B
0.051288865,0.011209001,B
0.051548437,0.011463493,B
-0.042281059,-0.08237702,B
-0.069021518,-0.109191845,B
0.019371818,-0.020803216,B
-0.042665271,-0.082843617,B
-0.025929674,-0.066131384,B
0.090833381,0.050586022,B
-0.030598767,-0.070875127,B
-0.074360774,-0.114644318,B
0.07914031,0.038718451,B
0.048485493,0.008058884,B
0.041361258,0.000874517,B
-0.048472157,-0.088967105,B
0.033881762,-0.006638877,B
-0.076605616,-0.117202553,B
0.012239156,-0.02839448,B
0.013485857,-0.027167294,B
0.078010066,0.037313787,B
-0.045208763,-0.085928272,B
0.104397144,0.063666115,B
-0.016664145,-0.057416568,B
-0.001141825,-0.041900381,B
-0.037979919,-0.078796318,B
0.066110256,0.025267551,B
-0.02793245,-0.068886928,B
0.084670313,0.04369268,B
0.194056295,0.153050749,B
0.125172618,0.084113092,B
-0.027286261,-0.068357323,B
0.033361826,-0.007883899,B
-0.043455099,-0.084747905,B
0.018070873,-0.023226984,B
0.13381294,0.092494042,B
0.040023825,-0.001301263,B
0.080961236,0.039625974,B
0.047598805,0.00622848,B
-0.071456992,-0.112830266,B
-0.032045739,-0.073439213,B
0.111061612,0.069654575,B
-0.035901127,-0.077319248,B
-0.113349728,-0.154769516,B
-0.066637377,-0.10806679,B
-0.054873013,-0.096414138,B
-0.032291199,-0.073837874,B
0.076485572,0.034899782,B
-0.051525327,-0.09311687,B
0.108610622,0.066955504,B
-0.029893733,-0.071564932,B
0.100481897,0.058796914,B
0.010571322,-0.031114494,B
-0.010194245,-0.051916457,B
-0.06905986,-0.11079629,B
-0.007926218,-0.049729317,B
0.05274311,0.010919075,B
0.051675885,0.009745415,B
-0.072474916,-0.114414836,B
0.07507179,0.03296559,B
0.004817612,-0.037337731,B
0.055163111,0.012976704,B
-0.047177803,-0.08940079,B
-0.043230067,-0.085474877,B
-0.063600676,-0.105945841,B
0.112165103,0.069766334,B
-0.070230721,-0.112659641,B
-0.057625387,-0.100099433,B
0.113969264,0.071477321,B
0.03818327,-0.004357036,B
0.07248652,0.02994586,B
0.114337952,0.07169215,B
-0.081510895,-0.124192721,B
0.035862387,-0.006829969,B
-0.025358054,-0.068099147,B
-0.040721426,-0.083507893,B
0.113546966,0.070758568,B
0.085696055,0.042840248,B
0.036404847,-0.006504802,B
-0.032414035,-0.075338161,B
-0.004030829,-0.046968945,B
-0.043672526,-0.08662806,B
0.038596609,-0.004413435,B
-0.011703554,-0.054767518,B
-0.028456261,-0.071543615,B
0.081166178,0.038038358,B
-0.065663235,-0.10882669,B
-0.035537624,-0.078750977,B
0.080468583,0.037245529,B
-0.026609779,-0.06984175,B
-0.021813948,-0.065091109,B
-0.017595066,-0.060886861,B
-0.003007336,-0.046309252,B
-0.004123729,-0.04743014,B
-0.06493419,-0.108283502,B
0.088498564,0.045127826,B
0.005425593,-0.037954845,B
-0.010661988,-0.054102799,B
0.088687642,0.045241497,B
0.11371473,0.070260449,B
-0.013975442,-0.057433441,B
0.048238197,0.004771237,B
-0.031491283,-0.07498207,B
-0.024460701,-0.068004886,B
0.035731967,-0.0079089,B
0.030679238,-0.012964498,B
-0.040378061,-0.084082184,B
0.080192677,0.036456275,B
0.032216253,-0.011540673,B
0.149063656,0.105200016,B
0.025134215,-0.018738233,B
-0.039251235,-0.083223173,B
0.051941513,0.007969005,B
0.045769836,0.001761138,B
0.080063364,0.035987159,B
0.029846024,-0.014339598,B
0.035468651,-0.008721855,B
-0.056764845,-0.101055218,B
0.031402167,-0.012898853,B
0.099496792,0.055182749,B
0.014783891,-0.029548653,B
-0.01739347,-0.061752852,B
0.029758336,-0.014604649,B
0.003525917,-0.040846556,B
-0.044340663,-0.088713421,B
-0.02033937,-0.064774772,B
0.037997616,-0.006456138,B
-0.047574196,-0.092054153,B
0.002261689,-0.042226576,B
-0.008444506,-0.052935869,B
0.014988562,-0.029636572,B
0.073866931,0.029185236,B
0.007420153,-0.037291207,B
0.076438823,0.031673169,B
0.026348997,-0.018426907,B
0.077256852,0.032427988,B
0.081458424,0.036598424,B
-0.018547765,-0.063428012,B
0.115538563,0.070656244,B
0.041978355,-0.002908189,B
0.044339914,-0.000629535,B
-0.014333685,-0.059314134,B
0.038321913,-0.006676191,B
-0.046843117,-0.091841889,B
0.064578658,0.019563664,B
-0.018475393,-0.063677763,B
0.0145642,-0.030674363,B
0.039551278,-0.005692095,B
0.033736475,-0.011534114,B
-0.0444333,-0.089717873,B
0.057743487,0.012450894,B
-0.038921947,-0.084221442,B
-0.007695285,-0.053026677,B
0.0714122,0.026028411,B
0.06108443,0.015662607,B
0.075975363,0.030531694,B
0.094136563,0.048642356,B
-0.005238484,-0.050735034,B
-0.027185006,-0.07268729,B
0.006825781,-0.038742496,B
0.058824009,0.013245077,B
0.033397767,-0.012207923,B
0.039569814,-0.006145568,B
-0.012558665,-0.058297294,B
0.088625147,0.042837961,B
0.052352124,0.0065643,B
0.102852557,0.057063091,B
-0.07152034,-0.117316993,B
0.133208922,0.087383638,B
-0.031544017,-0.077397562,B
-0.024153655,-0.070007879,B
-0.044842296,-0.090745023,B
-0.017727912,-0.063659468,B
0.023591567,-0.022380217,B
0.049117731,0.003129473,B
0.114175802,0.06817149,B
-0.02864056,-0.074672738,B
0.02902704,-0.017035122,B
-0.017289874,-0.063358823,B
0.196995968,0.150909921,B
0.06233571,0.016183446,B
0.004132011,-0.042050162,B
0.067355083,0.02116806,B
0.068009574,0.021810944,B
0.018744945,-0.027499688,B
0.032982394,-0.013284842,B
0.032870226,-0.013410912,B
0.005963205,-0.04036299,B
0.012202371,-0.034131885,B
-0.019688294,-0.066089513,B
0.069164527,0.022750399,B
-0.036365374,-0.082787507,B
-0.014268781,-0.060711867,B
0.042812145,-0.00364194,B
0.036129583,-0.010359941,B
0.032907861,-0.01365792,B
0.039258247,-0.00741103,B
-0.050195879,-0.096888932,B
0.020161301,-0.026615834,B
0.093360285,0.04656516,B
-0.000404318,-0.047204478,B
-0.051491698,-0.098376518,B
-0.057895865,-0.104804154,B
0.120196841,0.073283835,B
-0.063996347,-0.110917212,B
0.085316492,0.038379687,B
0.020004773,-0.026951241,B
0.107960372,0.060973126,B
0.02550897,-0.021551139,B
0.022788608,-0.024278716,B
0.07059558,0.023518265,B
-0.01388462,-0.061007851,B
-0.018510343,-0.065663276,B
-0.004940917,-0.052149006,B
0.026770442,-0.020468336,B
-0.051258903,-0.098526548,B
0.036761151,-0.010552261,B
0.10967023,0.062336484,B
-0.011874047,-0.059239787,B
0.047875549,0.000407883,B
-2.82E-05,-0.047581609,B
-0.001259872,-0.048883677,B
0.022729748,-0.024941063,B
0.113023659,0.065350383,B
0.068393846,0.020654485,B
0.003017975,-0.044733117,B
0.027398129,-0.020376824,B
0.035648498,-0.012129527,B
-0.064024934,-0.111893022,B
0.054741633,0.006827917,B
-0.021751587,-0.069670903,B
-0.006217872,-0.05426573,B
-0.012916583,-0.061008087,B
0.032637544,-0.015455549,B
-0.015609941,-0.063725563,B
-0.002143655,-0.050284809,B
-0.006335675,-0.054511791,B
0.082064327,0.033865171,B
0.08823874,0.040037306,B
-0.013725565,-0.061973351,B
0.101366147,0.053108526,B
0.010861526,-0.037446608,B
0.080315766,0.031999074,B
0.087409783,0.039081605,B
-0.016210056,-0.064579363,B
-0.032931648,-0.081435211,B
-0.031434357,-0.07998273,B
-0.040332326,-0.088901005,B
0.058442566,0.00984604,B
0.094681885,0.046044282,B
0.083511277,0.034860834,B
0.038918739,-0.00974056,B
0.053043136,0.004363143,B
-0.015048389,-0.063755127,B
0.087346791,0.038596137,B
0.08535429,0.036601746,B
0.010450121,-0.038356788,B
0.078612617,0.029800949,B
-0.043423149,-0.092260619,B
0.105330924,0.056438838,B
0.057761427,0.008752602,B
-0.029402844,-0.078428472,B
0.001882777,-0.047162591,B
-0.07015134,-0.1191968,B
1.58E-05,-0.049053174,B
-0.02401669,-0.073128118,B
0.073833579,0.024686127,B
-0.019333786,-0.068495476,B
-0.0187038,-0.067896642,B
-0.015802926,-0.065007764,B
0.059561919,0.010347692,B
0.079992097,0.030769966,B
-0.001539752,-0.050813488,B
0.078184271,0.028898678,B
0.119641148,0.07032751,B
-0.020113437,-0.06943948,B
-0.003410821,-0.052771683,B
0.066867627,0.017495104,B
0.069891302,0.020491496,B
0.001559991,-0.047846097,B
0.089644725,0.040194903,B
0.002997252,-0.046455179,B
-0.029116465,-0.078682077,B
-0.015561892,-0.065130827,B
0.021543418,-0.028060735,B
0.079618456,0.02996557,B
0.008750758,-0.040918914,B
-0.058677443,-0.108392841,B
0.065886294,0.016129624,B
-0.024504685,-0.074288207,B
0.047749055,-0.0020997,B
0.053535602,0.003638419,B
-0.005848207,-0.055814542,B
-0.01375133,-0.063740528,B
-0.01765392,-0.067646169,B
0.031242891,-0.018860725,B
0.083264797,0.033131653,B
-0.010483803,-0.06067515,B
-0.044219146,-0.094534544,B
0.014795842,-0.035530363,B
0.003337957,-0.047049402,B
0.003447273,-0.046967907,B
0.017729104,-0.032750591,B
0.092533712,0.041994857,B
-0.073925021,-0.124517651,B
-0.018919965,-0.069532274,B
0.057364548,0.006745285,B
0.081630179,0.030975325,B
-0.007721476,-0.058398373,B
0.031496432,-0.019217278,B
-0.038296848,-0.08902867,B
4.69E-05,-0.050733783,B
-0.029313602,-0.080126408,B
0.096985123,0.046162934,B
0.055294476,0.004433739,B
-0.012565624,-0.063447112,B
-0.034323236,-0.085214582,B
0.052422524,0.001491766,B
-0.013686643,-0.064680236,B
-0.017550178,-0.068630176,B
-0.020432002,-0.071529515,B
0.084343609,0.033232292,B
-0.034661674,-0.085807095,B
0.000512365,-0.050695164,B
0.001602902,-0.049621969,B
-8.23E-05,-0.051367762,B
0.069172677,0.017858345,B
-0.056992289,-0.108433534,B
0.085569234,0.03406537,B
-0.01551536,-0.067030952,B
-0.015525224,-0.067075212,B
0.094821108,0.043214301,B
-0.003509766,-0.055136139,B
-0.037008559,-0.088781766,B
0.071420341,0.019624458,B
0.065051494,0.013226185,B
-0.020610037,-0.072448332,B
0.065065604,0.013206284,B
-0.032647746,-0.084523852,B
-0.085838377,-0.137724547,B
-0.006815263,-0.058805321,B
0.011340716,-0.040698091,B
0.007079119,-0.044988782,B
0.01300743,-0.039075809,B
0.010938575,-0.04118346,B
0.025522983,-0.026623125,B
0.022626334,-0.029536683,B
0.062388873,0.010118263,B
-0.012033941,-0.064353236,B
0.018877451,-0.033498842,B
0.007050656,-0.045369344,B
0.030437072,-0.021996089,B
0.072066133,0.019612436,B
0.095104362,0.042638936,B
0.038833638,-0.013633598,B
0.086850011,0.034375859,B
-0.029130874,-0.081611098,B
-0.016183987,-0.068704818,B
0.043438174,-0.009098651,B
0.020591096,-0.031949574,B
0.048164329,-0.00439606,B
0.014388287,-0.038197268,B
0.022468343,-0.030197825,B
0.048828488,-0.003883119,B
0.067548201,0.014824382,B
-0.010192755,-0.062920065,B
0.092813547,0.040062436,B
-0.01418713,-0.066980113,B
0.087507807,0.034675143,B
-0.051651467,-0.104525831,B
-0.038811919,-0.091719649,B
0.088815063,0.03584494,B
0.014508058,-0.038534264,B
0.05004779,-0.003019938,B
-0.000252222,-0.053372704,B
0.009525747,-0.043604787,B
0.06353466,0.010400267,B
0.023522164,-0.029739128,B
-0.025041963,-0.078390811,B
0.075400367,0.022002685,B
0.056203007,0.002802912,B
0.082008539,0.028604575,B
-0.024215967,-0.077677891,B
0.033000281,-0.020513599,B
0.091907781,0.038346,B
0.053153143,-0.000516144,B
0.036301005,-0.017589203,B
0.085664443,0.031756473,B
0.051432247,-0.002485341,B
-0.005952523,-0.059962028,B
0.005175427,-0.04884786,B
0.009188711,-0.044867967,B
0.100583956,0.046445739,B
0.019869402,-0.034299602,B
0.039731425,-0.01443834,B
0.011228704,-0.042983534,B
0.010023798,-0.044211098,B
0.031880243,-0.022363442,B
0.039077944,-0.015170895,B
0.089630534,0.035341782,B
-0.009978764,-0.064330915,B
-0.013059143,-0.067428477,B
-0.021826978,-0.076224582,B
-0.0690067,-0.123447981,B
0.058801176,0.004357696,B
0.010920669,-0.043547538,B
-0.014447071,-0.068999241,B
0.089523656,0.034965808,B
0.108250659,0.053673325,B
0.054243659,-0.000401176,B
-0.024934634,-0.079596838,B
-0.017987235,-0.072650065,B
0.012949074,-0.041773375,B
-0.057893154,-0.112652939,B
0.078606472,0.023822022,B
0.059727872,0.004887824,B
0.070872855,0.015994928,B
-0.007754007,-0.062732209,B
-0.004918125,-0.059927269,B
0.118359285,0.063314669,B
-0.020662927,-0.075718218,B
-0.028644892,-0.083752984,B
0.067158767,0.012049394,B
0.046428364,-0.008700491,B
0.025858874,-0.029275301,B
0.060808783,0.005570092,B
0.0908064,0.035564538,B
0.048895054,-0.006355766,B
0.001289374,-0.053982124,B
-0.017965411,-0.073237077,B
0.078421985,0.023139644,B
-0.011803807,-0.067131601,B
0.067736671,0.012388359,B
0.030852794,-0.024513845,B
-0.020454193,-0.075898026,B
0.078204704,0.022702516,B
-0.058552333,-0.114058421,B
0.063927989,0.00828274,B
0.030487708,-0.025206733,B
0.048835019,-0.006859768,B
0.114881992,0.059173328,B
0.054806131,-0.000963947,B
-0.001127795,-0.057077879,B
0.006666016,-0.049306765,B
0.049498151,-0.006475495,B
0.054506517,-0.001537867,B
-0.027658734,-0.083764475,B
0.095029343,0.038915777,B
-0.012034642,-0.068224978,B
0.024617694,-0.031624647,B
-0.005304108,-0.061562505,B
0.091805499,0.035518633,B
0.009872247,-0.046417296,B
-0.01245219,-0.068762389,B
-0.00477467,-0.061149018,B
-0.033610208,-0.090011879,B
0.078228029,0.021821407,B
-0.017697512,-0.074105137,B
0.0481102,-0.008309591,B
-0.01507021,-0.071506959,B
0.021906644,-0.034548073,B
0.041354803,-0.015125255,B
0.059093818,0.002591583,B
0.071065972,0.014385798,B
0.068342647,0.011642367,B
-0.023032692,-0.079778423,B
0.055047018,-0.001754478,B
-0.008767719,-0.065607559,B
-0.0555683,-0.112443312,B
0.059299437,0.002376086,B
0.094846146,0.037910481,B
0.009116291,-0.047892378,B
0.077265842,0.02024855,B
-0.02016467,-0.07720103,B
0.021497423,-0.035607641,B
0.061442179,0.004321372,B
0.096034317,0.038875608,B
-0.004613317,-0.061844768,B
0.005588257,-0.051698952,B
0.035964476,-0.021328583,B
0.120213732,0.062845234,B
0.012835202,-0.044554546,B
0.00114059,-0.056362546,B
0.020769262,-0.036755473,B
-0.01658257,-0.074131762,B
-0.026576778,-0.084134313,B
-0.039801172,-0.097378017,B
-0.05182555,-0.109458036,B
-0.005459787,-0.063096526,B
-0.007486193,-0.065148083,B
-0.019630773,-0.077301449,B
0.078559021,0.020822597,B
-0.000136492,-0.057913401,B
-0.058664559,-0.116502981,B
0.004604177,-0.053315854,B
0.071264929,0.013198424,B
0.022907642,-0.035175439,B
0.072162221,0.013899073,B
-0.073003031,-0.13126821,B
0.058902132,0.000629446,B
0.07079504,0.012515007,B
0.001255088,-0.057036919,B
-0.056966732,-0.11526038,B
0.000548127,-0.057769426,B
0.088042241,0.029716463,B
0.062348733,0.004009195,B
0.021856943,-0.036508672,B
0.089250121,0.030877446,B
0.007137037,-0.051297286,B
0.07707188,0.018630484,B
0.017733924,-0.040822258,B
0.071116409,0.012377848,B
-0.064285829,-0.123032954,B
0.077720703,0.018842004,B
0.023841113,-0.035127228,B
0.075954192,0.016974231,B
-0.000119556,-0.059119601,B
0.094221621,0.035019397,B
0.013721899,-0.045510729,B
0.047221926,-0.012031228,B
0.05078265,-0.008472135,B
0.047681199,-0.011586955,B
-0.007712338,-0.067057061,B
0.061072388,0.001698851,B
-0.024386722,-0.083776188,B
-0.010019198,-0.069461373,B
-0.007711448,-0.067257331,B
0.014637467,-0.04498915,B
0.019248768,-0.040393912,B
-0.094720969,-0.154364588,B
-0.004949043,-0.064675378,B
0.100595194,0.040848342,B
0.094327396,0.034552027,B
0.026346622,-0.033432193,B
-0.057357262,-0.117158275,B
-0.011341681,-0.071180003,B
0.049973827,-0.00991072,B
0.065278683,0.005365919,B
0.027640132,-0.03227588,B
0.033985957,-0.025987825,B
-0.073555198,-0.133547226,B
0.059104157,-0.000924066,B
0.015097805,-0.045040698,B
-0.039794611,-0.099948875,B
0.089568892,0.029242936,B
-0.060687369,-0.121086979,B
0.090881125,0.030475401,B
-0.049581471,-0.110011156,B
0.022459683,-0.037982966,B
0.020186931,-0.040306153,B
0.053673765,-0.006886986,B
0.035760023,-0.024818367,B
0.079792233,0.019213492,B
0.025074133,-0.035515991,B
-0.011030832,-0.07163386,B
0.051756564,-0.008857013,B
0.023250124,-0.037365507,B
-0.052292055,-0.112909053,B
0.003873118,-0.05678305,B
-0.024943751,-0.085607188,B
0.009015744,-0.051657102,B
0.090234672,0.029550136,B
-0.024405206,-0.085120124,B
0.034353163,-0.026383299,B
0.024191406,-0.036590607,B
-0.018341961,-0.079142421,B
0.025152955,-0.035728307,B
0.010057885,-0.050841733,B
0.175840633,0.114932548,B
0.024488034,-0.036432754,B
-0.026974108,-0.08794659,B
0.00924978,-0.051741704,B
-0.016605185,-0.077619634,B
-0.024233482,-0.085276606,B
0.024333131,-0.03671134,B
-0.037708423,-0.098803413,B
0.075800814,0.014690278,B
0.060479075,-0.000679964,B
0.048105397,-0.013142806,B
0.017809145,-0.043529664,B
0.070385077,0.009000946,B
0.012763987,-0.04873532,B
0.037323491,-0.024182411,B
0.104806213,0.043199111,B
0.09508313,0.03315085,B
-0.007519424,-0.069461402,B
0.088910335,0.02695773,B
0.041266693,-0.020712459,B
0.04936065,-0.012701332,B
-0.070546842,-0.132619619,B
0.087230669,0.025151782,B
0.020408221,-0.041684393,B
0.016476695,-0.045647833,B
-0.015528198,-0.077671458,B
-0.001161062,-0.063319029,B
0.098707863,0.036473763,B
0.057022846,-0.005294853,B
-0.022921246,-0.085257581,B
-0.006958947,-0.069303278,B
0.011854834,-0.050504838,B
0.024831966,-0.037666653,B
0.09306789,0.030527454,B
-0.000854166,-0.063402702,B
0.028135214,-0.034476703,B
0.075368398,0.012611558,B
0.118868057,0.056109351,B
0.08061941,0.017742733,B
0.060693845,-0.002221137,B
0.095866692,0.032931417,B
0.058678743,-0.004257591,B
0.016283818,-0.04667175,B
0.062264033,-0.000710331,B
0.037112686,-0.02594767,B
0.026891299,-0.036211324,B
0.062133672,-0.000998785,B
-0.007270792,-0.070415887,B
0.029377817,-0.03377059,B
0.065337127,0.00217105,B
0.075140732,0.011948432,B
0.009993912,-0.05322088,B
0.037776019,-0.025443002,B
0.020402831,-0.042841806,B
0.034645368,-0.028608174,B
0.047205597,-0.016058461,B
0.04633118,-0.017119544,B
0.030501141,-0.032956321,B
0.017564487,-0.045933012,B
0.052296777,-0.011219977,B
0.056755797,-0.006761493,B
-0.062408648,-0.125934495,B
0.109161055,0.045620866,B
0.046292179,-0.017256848,B
-0.013509053,-0.077058627,B
0.044355293,-0.019269468,B
0.018907143,-0.044762199,B
0.032926618,-0.030750571,B
0.05184686,-0.011841317,B
0.096802893,0.033072648,B
0.028493646,-0.035306181,B
0.060204624,-0.003687678,B
0.068229428,0.004335186,B
0.054006378,-0.009936318,B
-0.014577834,-0.078525978,B
-0.003285017,-0.067328847,B
0.012356727,-0.051709094,B
0.001115358,-0.062977384,B
-0.04047682,-0.104604931,B
0.01912424,-0.045004573,B
-0.000723588,-0.064921305,B
-0.00889869,-0.073122115,B
0.055860775,-0.008492602,B
0.053249896,-0.011123764,B
-0.022803664,-0.087183329,B
0.05397559,-0.010406209,B
0.007932631,-0.056499067,B
0.093478944,0.028949635,B
0.062669497,-0.001922691,B
0.054066978,-0.010529551,B
0.029834781,-0.034782542,B
0.016715973,-0.047944612,B
0.196890032,0.132188496,B
0.011544419,-0.05320432,B
0.077878928,0.013112789,B
-0.014556146,-0.079343431,B
0.095270152,0.03044315,B
0.072767291,0.007756182,B
0.071874766,0.006850148,B
0.010779247,-0.054374564,B
0.056560439,-0.008610903,B
0.023194011,-0.042021209,B
0.006264039,-0.058986888,B
0.029376453,-0.035944747,B
0.049009091,-0.016362104,B
0.001108813,-0.064317547,B
0.052945251,-0.012487573,B
0.086936935,0.021334828,B
0.068453084,0.002850025,B
-0.001102357,-0.066736119,B
0.040928028,-0.024739622,B
-0.011602345,-0.077334958,B
-0.004676466,-0.070480821,B
0.068726592,0.002894885,B
-0.011838127,-0.077681827,B
0.052458694,-0.013430729,B
-0.020885383,-0.086794215,B
0.021586264,-0.044357993,B
0.00889707,-0.05714485,B
0.10349522,0.037363472,B
0.046462099,-0.019717392,B
0.023066057,-0.043274231,B
0.075893173,0.009524685,B
0.072439748,0.006068703,B
0.015630483,-0.050755159,B
-0.024376678,-0.090791163,B
0.003020846,-0.063434435,B
0.087580438,0.021059768,B
0.040249942,-0.026295747,B
0.077467487,0.010860806,B
0.070242685,0.00354972,B
-0.003024345,-0.069726057,B
0.058832517,-0.007937918,B
0.003086482,-0.063691405,B
0.068937047,0.002078142,B
0.063363346,-0.003572718,B
0.024249525,-0.042705221,B
0.051603652,-0.015412147,B
0.047613323,-0.019493959,B
0.016412469,-0.050719246,B
0.002448656,-0.064713193,B
0.055483074,-0.011690492,B
-0.003877836,-0.071061662,B
-0.032427328,-0.099624299,B
0.109724266,0.042520322,B
0.074309187,0.007081841,B
0.090785655,0.023546833,B
0.01096181,-0.05650565,B
0.062900419,-0.004611527,B
0.064432795,-0.003128396,B
0.010661626,-0.056932724,B
-0.009971359,-0.077586427,B
-0.010788914,-0.078414848,B
0.059185434,-0.008512448,B
0.032740434,-0.035006733,B
0.045307559,-0.022463815,B
0.049652124,-0.018127476,B
-0.065335739,-0.133125585,B
0.064983439,-0.002879446,B
0.047456036,-0.020434634,B
0.086023449,0.018102696,B
0.007739119,-0.060209731,B
0.089622215,0.021618316,B
0.079625985,0.011537085,B
-0.014088993,-0.082191013,B
0.071006867,0.002881589,B
0.094016531,0.02582208,B
0.018947003,-0.049296966,B
0.037985994,-0.030283727,B
0.079255765,0.010898492,B
0.063668324,-0.00473223,B
0.022030206,-0.04645476,B
0.076489476,0.007992903,B
0.051245212,-0.017379481,B
0.080809665,0.012178935,B
-0.021283509,-0.089932027,B
0.014192206,-0.054464624,B
0.014239488,-0.054438591,B
-0.005162908,-0.073888196,B
0.020742869,-0.048015543,B
0.075583714,0.00676501,B
-0.004649209,-0.073512899,B
-0.038466609,-0.107436283,B
-0.019798994,-0.088858498,B
0.089469573,0.020245959,B
0.048056488,-0.021203515,B
0.059539898,-0.009780521,B
-0.005167443,-0.07454119,B
0.093017643,0.023625938,B
0.069765332,0.000370222,B
0.044139243,-0.0253854,B
-0.024564879,-0.094106206,B
0.009189256,-0.060372651,B
0.092727239,0.023117333,B
0.054555409,-0.015133388,B
0.002535239,-0.067299271,B
-0.012524427,-0.082394526,B
-0.018800241,-0.088890555,B
0.013014255,-0.057159335,B
0.062359052,-0.007832304,B
0.037852004,-0.032445621,B
0.086061735,0.015731028,B
0.024767932,-0.045568366,B
0.056612244,-0.013808819,B
-0.002803298,-0.073265078,B
-0.025851295,-0.096437957,B
0.053648645,-0.016965943,B
0.072421091,0.001803083,B
0.074346588,0.003725299,B
0.006487009,-0.064180402,B
0.034908663,-0.03577139,B
0.102797905,0.032082564,B
0.104265425,0.033523321,B
0.054980819,-0.015768448,B
0.074202707,0.003262189,B
0.061924375,-0.00901779,B
0.047798477,-0.023187963,B
0.045965073,-0.02518509,B
0.083644341,0.012393617,B
-0.059342276,-0.130601468,B
0.041614972,-0.02969785,B
0.042159805,-0.029194982,B
0.021918377,-0.049468586,B
0.025782836,-0.045675716,B
0.063801962,-0.007677628,B
0.008847167,-0.06265848,B
0.061428964,-0.010107189,B
0.005083492,-0.066495309,B
0.073293638,0.001674957,B
0.022422431,-0.049241779,B
0.125919975,0.05424229,B
0.054204907,-0.017536334,B
0.070181199,-0.00156037,B
0.094219406,0.022330274,B
0.115043284,0.043107093,B
0.039033494,-0.03290423,B
0.075042348,0.003099992,B
-0.050101322,-0.122056298,B
0.093590345,0.021547446,B
-0.080382666,-0.152425914,B
-0.007006657,-0.079079878,B
0.07352717,0.001402865,B
0.004435264,-0.067736481,B
0.085047648,0.012871202,B
0.034925426,-0.03731877,B
0.099480091,0.027223168,B
-0.045468887,-0.117735649,B
0.081811146,0.009519776,B
0.085679854,0.013361194,B
0.084431776,0.012113107,B
0.024740859,-0.047615357,B
0.059375251,-0.012992426,B
0.064981947,-0.007393067,B
0.040645202,-0.031849683,B
0.020818477,-0.051723968,B
0.061339748,-0.011238077,B
0.058512281,-0.014111029,B
0.017702698,-0.05498056,B
0.066469312,-0.006310972,B
0.020320084,-0.052476044,B
-0.050124728,-0.122947189,B
0.056974047,-0.015884332,B
0.038378285,-0.034484974,B
0.01378138,-0.059176363,B
0.042030545,-0.030956082,B
0.069059688,-0.004002648,B
0.059142833,-0.013936809,B
0.039659983,-0.033562225,B
-0.010873672,-0.084254954,B
0.038056105,-0.03552175,B
0.067360889,-0.006217793,B
0.050112234,-0.023482175,B
0.021600869,-0.052017726,B
0.069497645,-0.004236439,B
0.011418491,-0.062328269,B
0.080759477,0.006973202,B
0.083775224,0.009915281,B
0.010343493,-0.063539723,B
0.009269876,-0.064643435,B
0.075939935,0.002023352,B
0.131490454,0.057562413,B
0.042951492,-0.031016531,B
0.061349397,-0.01269064,B
-0.013419801,-0.087461143,B
0.040530877,-0.033541147,B
-0.039522572,-0.113633106,B
0.078961992,0.004827078,B
0.042493045,-0.031661554,B
0.035513674,-0.038677361,B
0.075692047,0.00149181,B
0.10223796,0.027966227,B
0.060249933,-0.014098495,B
0.063336053,-0.011116028,B
0.037688467,-0.036770121,B
-0.012077765,-0.08660714,B
0.022825413,-0.051952133,B
0.029083772,-0.04571731,B
0.010047424,-0.064796974,B
-0.057575871,-0.132523659,B
0.026491552,-0.048474498,B
0.104187399,0.029210389,B
0.018586696,-0.056417697,C
0.034943313,-0.040111882,C
0.02119346,-0.054011404,C
0.032813327,-0.042402315,C
0.016500513,-0.058771814,C
0.123579952,0.048291648,C
0.077195947,0.001904907,C
0.080741801,0.005395737,C
0.060211276,-0.015340816,C
0.063040139,-0.012538399,C
0.083579352,0.007946513,C
0.037393965,-0.038248436,C
0.099873819,0.024215466,C
0.043031261,-0.032675916,C
0.04980449,-0.025958518,C
0.004466819,-0.071349194,C
0.010100133,-0.065726889,C
0.107189523,0.031347381,C
0.058304168,-0.017551053,C
0.070037452,-0.0058807,C
0.046531482,-0.029514442,C
0.029749187,-0.046327622,C
0.123170615,0.047037339,C
0.060994971,-0.015379214,C
0.065864708,-0.010537376,C
0.048736863,-0.027699553,C
0.049939603,-0.026615593,C
0.11399002,0.037423584,C
0.006858047,-0.069858756,C
0.086628439,0.009889159,C
0.07015251,-0.006626476,C
0.036846776,-0.040033203,C
0.036194382,-0.040692267,C
-0.01203278,-0.088994507,C
0.065435841,-0.011572558,C
0.05400895,-0.02303261,C
-0.019363614,-0.096442443,C
0.085293938,0.008187365,C
0.001468732,-0.075669965,C
0.058938881,-0.018286816,C
0.042985729,-0.034240514,C
0.00826467,-0.068982544,C
0.086365844,0.00898811,C
0.092138487,0.014693323,C
0.043676608,-0.033783056,C
0.011567884,-0.065982978,C
0.060150022,-0.017567082,C
0.117533846,0.039760812,C
0.04020501,-0.037661126,C
0.080439298,0.002565875,C
-0.014863433,-0.092802728,C
0.079959757,0.001972019,C
-0.039215093,-0.117289706,C
0.057666365,-0.020434915,C
0.072888839,-0.005495233,C
-0.013726538,-0.092208513,C
0.036430089,-0.042063063,C
0.072638366,-0.005940697,C
0.091818043,0.013153597,C
0.070417378,-0.008393381,C
0.004334266,-0.07451735,C
-0.086511292,-0.165627722,C
0.063579581,-0.015584511,C
0.113269361,0.034094499,C
0.092991276,0.01374192,C
0.0197346,-0.059587211,C
0.002758245,-0.076621499,C
-0.000589001,-0.079969383,C
-0.033550323,-0.112953666,C
0.075577,-0.003877762,C
0.056975159,-0.022526192,C
-0.033169859,-0.112752728,C
0.014212276,-0.065583494,C
0.05302859,-0.026777449,C
-0.022739466,-0.102616704,C
0.080027799,0.000130361,C
0.026286297,-0.053643641,C
0.058260422,-0.02184478,C
0.037358375,-0.042796183,C
0.053650381,-0.026524725,C
-0.024583359,-0.104824715,C
0.01266026,-0.067592219,C
0.087940337,0.007685887,C
0.025834243,-0.054560136,C
0.07746105,-0.002964083,C
0.052248523,-0.02824238,C
0.099604105,0.019109179,C
0.028192779,-0.052325524,C
0.083729718,0.003208861,C
0.04823287,-0.032345976,C
0.070580792,-0.010001776,C
0.07410128,-0.006535908,C
-0.05933988,-0.139978468,C
0.060406827,-0.020368031,C
0.053321796,-0.027493597,C
-0.024572818,-0.105445812,C
-0.000513133,-0.081418623,C
0.050337533,-0.030662895,C
-0.057372257,-0.138471951,C
0.063674235,-0.017466521,C
0.063720562,-0.017428996,C
0.02431666,-0.056836932,C
0.078602458,-0.002556878,C
0.062715362,-0.018498845,C
0.027578123,-0.053683434,C
0.090458409,0.009043821,C
0.048115513,-0.033450974,C
0.087127304,0.005530485,C
-0.009146372,-0.09078355,C
0.05167921,-0.030005072,C
0.049917611,-0.031808124,C
0.089120817,0.007320414,C
0.013868334,-0.067946219,C
-0.004970497,-0.086791546,C
0.06182436,-0.02003695,C
0.07053407,-0.011404424,C
0.02155945,-0.060429353,C
-0.041854956,-0.123851918,C
0.024300368,-0.057775065,C
0.157337476,0.075196673,C
0.049899522,-0.032265481,C
0.053358603,-0.028838868,C
0.030298434,-0.051931889,C
0.122387447,0.040127515,C
0.065997808,-0.016317907,C
0.077472574,-0.004871645,C
0.026481451,-0.05591732,C
-0.002294666,-0.084773976,C
0.007094821,-0.075557378,C
0.040679234,-0.042008238,C
-0.050961929,-0.13366959,C
0.034005861,-0.048810067,C
0.081596096,-0.001446065,C
0.100151348,0.01707211,C
0.006820665,-0.076337326,C
0.084542123,0.001269359,C
-0.017670164,-0.100965079,C
0.113272385,0.029943621,C
0.029487232,-0.053855573,C
-0.014070881,-0.097423227,C
0.009152711,-0.074358634,C
0.058421944,-0.025204369,C
0.062045831,-0.021665755,C
0.071499639,-0.012218022,C
0.068785425,-0.015041254,C
-0.005250266,-0.089165617,C
0.018374484,-0.065605589,C
0.045457959,-0.038550481,C
-0.014095407,-0.098145339,C
0.0638641,-0.020190992,C
0.009558898,-0.074513459,C
-0.028814102,-0.112918425,C
0.062251008,-0.022032517,C
0.001000507,-0.083340571,C
0.076887678,-0.007494281,C
0.012838865,-0.071559905,C
0.059042656,-0.02552904,C
0.113743128,0.029124207,C
0.078944218,-0.005679065,C
0.073060138,-0.011782757,C
0.117141674,0.032287906,C
0.117041341,0.032117029,C
0.051945239,-0.033023212,C
0.033232123,-0.051765033,C
0.029844383,-0.055322714,C
0.058332886,-0.026854561,C
0.008356875,-0.076922306,C
0.088191535,0.002868689,C
0.035079476,-0.050266558,C
0.043013607,-0.042466942,C
0.008198865,-0.077387449,C
-0.035533349,-0.121155578,C
0.046956156,-0.038684281,C
0.052432805,-0.033289653,C
0.029008849,-0.05674216,C
0.076556816,-0.009208334,C
-0.023718668,-0.109536854,C
0.027972537,-0.057963176,C
-0.009138262,-0.095109557,C
0.005046054,-0.080956066,C
0.013885774,-0.072134674,C
0.04673624,-0.039305444,C
0.06033505,-0.025834301,C
0.018413314,-0.067778171,C
0.086804585,0.000497552,C
0.067946751,-0.01839765,C
0.067341477,-0.019259318,C
0.099347011,0.012729488,C
0.044930933,-0.041738597,C
-0.002323764,-0.089249527,C
0.0279429,-0.059032425,C
0.060866203,-0.026147829,C
0.020945008,-0.066093984,C
0.051526031,-0.035535714,C
0.092336363,0.005213388,C
0.016241925,-0.070936414,C
0.053627774,-0.033685687,C
-0.000851744,-0.088271996,C
0.058535625,-0.028907551,C
0.012368681,-0.075096631,C
0.053589532,-0.03422487,C
0.026321288,-0.061683081,C
0.040262729,-0.047760371,C
0.043171635,-0.044915997,C
0.090286125,0.002155978,C
0.013190576,-0.075060297,C
0.040690504,-0.047796216,C
0.023936878,-0.064584352,C
-0.026394392,-0.115001537,C
-0.051109727,-0.139724046,C
0.037951093,-0.050680581,C
0.072526674,-0.016108748,C
0.087137997,-0.001502276,C
0.024884368,-0.064003107,C
0.073295765,-0.015676374,C
0.063729682,-0.025262562,C
0.120644312,0.03164517,C
0.032961567,-0.056158383,C
0.09439368,0.005154109,C
-0.043323745,-0.132604389,C
0.0000425,-0.089288687,C
0.056085642,-0.033252319,C
0.057886673,-0.031502337,C
0.08756945,-0.002006829,C
0.066164321,-0.023416482,C
0.08454478,-0.005070808,C
0.058720978,-0.031180491,C
-0.023853288,-0.113863235,C
0.043878207,-0.04615199,C
0.080071406,-0.009985623,C
0.100244713,0.010044544,C
0.034813212,-0.055392965,C
0.057955383,-0.032282135,C
0.067109832,-0.023314295,C
0.03215308,-0.05831872,C
0.024894108,-0.065651209,C
-0.052488581,-0.143121528,C
0.073470054,-0.017290264,C
0.053534503,-0.037405895,C
0.063385249,-0.027589333,C
0.049788722,-0.041189342,C
0.056722891,-0.034343146,C
0.059972619,-0.031161079,C
0.034220973,-0.05694013,C
0.077519374,-0.013772515,C
-0.026226354,-0.117640216,C
0.005235276,-0.086184584,C
0.024654393,-0.066847295,C
0.005831159,-0.085846309,C
0.059013817,-0.032757937,C
0.054569467,-0.037235891,C
0.081862012,-0.010000342,C
0.02559146,-0.066332362,C
0.022657294,-0.069313147,C
0.01377076,-0.078525471,C
0.095368188,0.003046022,C
-0.016498363,-0.108962609,C
0.074832595,-0.017676886,C
0.040689826,-0.051976773,C
-0.047416458,-0.140251147,C
0.029548766,-0.063342209,C
0.046243906,-0.046698179,C
0.023212463,-0.069768872,C
0.002481884,-0.090511682,C
0.096782155,0.003622663,C
0.026986787,-0.066208251,C
0.09667087,0.003348641,C
0.074471112,-0.018855844,C
0.04351803,-0.04985343,C
0.121456102,0.028058216,C
-0.010933325,-0.10446504,C
0.006825985,-0.086842832,C
-0.010364119,-0.10417195,C
0.012199955,-0.081741525,C
0.045976062,-0.04797195,C
0.096295814,0.002303445,C
0.034590123,-0.059492001,C
0.048071494,-0.046034067,C
0.096343978,0.002211361,C
0.110450534,0.016256643,C
0.133823472,0.039620283,C
0.002989723,-0.091221777,C
0.010613836,-0.083606741,C
0.061953292,-0.032311457,C
0.070140073,-0.024148258,C
0.05076292,-0.043583618,C
0.073277848,-0.021151739,C
0.006035126,-0.088404873,C
0.046327773,-0.048333832,C
0.041864132,-0.052810173,C
0.031730156,-0.063167262,C
0.003112176,-0.09198859,C
0.070262561,-0.024951177,C
0.052038361,-0.043208024,C
0.059709264,-0.03556771,C
0.011147236,-0.084159688,C
0.102395587,0.007075959,C
0.029414845,-0.066154458,C
0.039126013,-0.056463118,C
0.116454066,0.020815008,C
0.061415585,-0.03434922,C
0.051303352,-0.044538687,C
0.044002596,-0.05192796,C
0.028738451,-0.067246827,C
0.053666781,-0.042406897,C
0.066005205,-0.030113725,C
0.038895356,-0.057486849,C
-0.011165487,-0.107590728,C
0.025626302,-0.070827591,C
0.070396846,-0.026176468,C
0.008859289,-0.087795104,C
0.032476407,-0.064381002,C
-0.014720185,-0.111597799,C
0.114194484,0.017291151,C
0.113916815,0.017011549,C
0.094571822,-0.002396986,C
-0.004000096,-0.101229922,C
0.051469456,-0.046027985,C
0.046246646,-0.051289063,C
0.061245916,-0.036462012,C
0.00410222,-0.093656716,C
0.052514324,-0.04529001,C
0.067788605,-0.030031329,C
-0.004038403,-0.101948474,C
0.027265603,-0.070664623,C
0.051950016,-0.046010524,C
0.027133464,-0.071040434,C
0.008963636,-0.089220127,C
0.016989234,-0.081304648,C
0.070714231,-0.027707145,C
-0.013657337,-0.112091403,C
0.093734053,-0.004760226,C
0.065012568,-0.033515516,C
0.059701472,-0.038872179,C
0.046996744,-0.051635069,C
0.085867408,-0.01278778,C
0.108914,0.009994284,C
0.085151916,-0.01380313,C
0.072407522,-0.026595735,C
0.00502085,-0.094026651,C
0.038920603,-0.060234913,C
0.079509832,-0.019849815,C
0.035386364,-0.06463065,C
0.056938486,-0.043242439,C
0.024834593,-0.075371945,C
-0.050712978,-0.150964445,C
0.103796306,0.003537228,C
0.055310855,-0.045103286,C
0.082617985,-0.01782813,C
0.061787432,-0.038817863,C
0.059765903,-0.040901341,C
0.067013836,-0.033662199,C
0.073209242,-0.027613796,C
0.064019634,-0.036912323,C
0.036292704,-0.064691538,C
0.055377859,-0.045689209,C
0.009906859,-0.091167377,C
0.115517466,0.014442262,C
0.01685587,-0.084293793,C
0.023227567,-0.077983484,C
0.061859333,-0.039476086,C
-0.041442366,-0.142819828,C
0.069605575,-0.031861637,C
0.034390388,-0.067533432,C
0.065374304,-0.036639967,C
0.067213808,-0.034880232,C
0.06473351,-0.037406693,C
-0.003898502,-0.106274664,C
0.041826473,-0.060552031,C
0.09589437,-0.006757217,C
0.033750585,-0.06898125,C
0.014717773,-0.088103875,C
0.060365811,-0.042492438,C
0.043145594,-0.059799465,C
0.081452395,-0.021595065,C
0.061691594,-0.041361505,C
-0.016424811,-0.119494207,C
-0.030912426,-0.134055288,C
0.027274566,-0.075871686,C
0.077900445,-0.025432719,C
0.077059669,-0.026367162,C
0.044826654,-0.058692661,C
0.06581606,-0.037991781,C
0.056643135,-0.047300022,C
0.049288902,-0.05471218,C
0.050935333,-0.053351319,C
0.084390217,-0.019901664,C
0.079462662,-0.024860749,C
0.028170321,-0.076319358,C
0.002332346,-0.102327807,C
0.039359057,-0.065312791,C
0.001294781,-0.103503774,C
0.042392135,-0.062581269,C
0.050431213,-0.054604822,C
0.042329804,-0.062737922,C
0.086888643,-0.01820713,C
0.021116089,-0.084062412,C
0.099530411,-0.005859157,C
0.027964173,-0.077546117,C
0.026302592,-0.079441346,C
0.027725164,-0.078109001,C
0.042030353,-0.06411708,C
0.046154306,-0.060374671,C
0.086291063,-0.020242864,C
-0.026838948,-0.133412704,C
0.036877443,-0.069899495,C
0.094541396,-0.012331582,C
0.061487125,-0.045395264,C
0.045062008,-0.06202124,C
0.03931629,-0.067827681,C
0.031318182,-0.075829051,C
0.042767205,-0.064479741,C
0.100853061,-0.006573586,C
0.04898388,-0.058594153,C
0.016559628,-0.091092725,C
0.056727928,-0.051052792,C
0.045888658,-0.061923783,C
0.040090802,-0.067873704,C
0.014365342,-0.093600816,C
0.043273152,-0.064818447,C
0.085108839,-0.023035968,C
0.081608381,-0.026588335,C
0.067726389,-0.04058742,C
0.038161014,-0.070274965,C
0.069085048,-0.039369038,C
0.07741264,-0.031106264,C
-0.004572653,-0.113092741,C
0.10833858,-0.000203574,C
0.058438284,-0.050193751,C
0.007674075,-0.101150901,C
0.080556592,-0.028315985,C
0.071632433,-0.037260861,C
-0.034961654,-0.143856822,C
0.066018248,-0.043023427,C
0.084318477,-0.024827384,C
0.079345287,-0.029829595,C
0.125868075,0.016675458,C
0.038248252,-0.071066098,C
0.058160413,-0.051154994,C
0.060012394,-0.049423247,C
0.065181777,-0.044280442,C
0.017469884,-0.092180125,C
-0.010842154,-0.121209747,C
0.096943494,-0.013749912,C
0.083937004,-0.026880846,C
0.10928845,-0.001543573,C
0.082733458,-0.028177857,C
-0.001468274,-0.112491675,C
0.020364549,-0.090789775,C
0.080281311,-0.030887175,C
-0.015313182,-0.126585832,C
0.093072439,-0.018272829,C
0.017462095,-0.094039632,C
0.064275329,-0.047379104,C
0.070467524,-0.041201442,C
0.028726397,-0.083058449,C
0.044344948,-0.067707575,C
0.06983916,-0.042407885,C
0.090388936,-0.021929158,C
0.089710097,-0.022695274,C
0.075588098,-0.036886087,C
0.061870569,-0.050811309,C
0.056919559,-0.055887713,C
0.055937847,-0.056955561,C
0.02208777,-0.090829031,C
0.081177451,-0.031839761,C
0.055123089,-0.058010005,C
0.078638076,-0.034526325,C
0.019363443,-0.093810237,C
0.127161469,0.013965979,C
0.02830032,-0.084900908,C
0.070258154,-0.042990533,C
0.037735451,-0.075681788,C
0.076303862,-0.03716622,C
0.010453646,-0.103065189,C
0.041158288,-0.072433816,C
0.049519022,-0.064093092,C
0.094879855,-0.018991519,C
-0.012763303,-0.126718612,C
0.067616147,-0.04639472,C
0.094135912,-0.020254943,C
0.093025627,-0.021470984,C
0.041880517,-0.072946343,C
0.072465732,-0.042413537,C
0.080027239,-0.034949912,C
0.064900474,-0.050248223,C
0.034792623,-0.080430294,C
0.04845695,-0.067027155,C
-0.012981041,-0.12847793,C
0.051645126,-0.064219866,C
0.063889944,-0.052059697,C
0.091034738,-0.02499036,C
0.089954633,-0.026164668,C
0.103123699,-0.013095962,C
0.08768034,-0.028601534,C
0.086167,-0.030607042,C
0.052136106,-0.064638757,C
0.087019744,-0.029890229,C
0.086957549,-0.030185879,C
0.045436705,-0.071799896,C
0.077435876,-0.039941771,C
0.007144597,-0.110243977,C
0.065177287,-0.052449789,C
0.080410944,-0.037274254,C
0.045377435,-0.072329776,C
-0.010146372,-0.127952737,C
0.045336246,-0.072470646,C
0.097376052,-0.020476217,C
0.091032369,-0.026873058,C
0.074359242,-0.043773647,C
0.06767442,-0.05056689,C
0.05886303,-0.059409785,C
0.05355578,-0.064971684,C
0.051871024,-0.067144328,C
0.08681995,-0.032288648,C
0.053323428,-0.065997859,C
0.065282639,-0.054110416,C
0.092798718,-0.026678152,C
0.056034879,-0.063447562,C
0.023378086,-0.096160816,C
0.074891968,-0.044732228,C
-0.000373339,-0.12003855,C
0.09404649,-0.02562325,C
0.075330427,-0.044411265,C
0.06566426,-0.054082102,C
0.090100846,-0.029670557,C
0.001573794,-0.118494054,C
0.075497553,-0.044581967,C
0.083708897,-0.036413979,C
0.087143812,-0.03308648,C
0.054474867,-0.065774129,C
0.005335823,-0.114940912,C
0.098928467,-0.021460128,C
0.052258,-0.068331982,C
0.045870785,-0.07563223,C
0.083544394,-0.038259166,C
0.076541489,-0.045266464,C
0.024133388,-0.097677221,C
0.037223023,-0.084616091,C
0.047981612,-0.074372307,C
0.029552403,-0.093093468,C
0.083484851,-0.039235749,C
0.04400499,-0.078768694,C
0.042869428,-0.080105853,C
0.074603065,-0.048565637,C
-0.006219306,-0.129476366,C
0.050443749,-0.072944831,C
0.079157286,-0.044427671,C
0.048856942,-0.074904364,C
0.033623184,-0.090686149,C
0.003394171,-0.120934217,C
0.077012038,-0.047571214,C
0.052464086,-0.072460233,C
0.044684676,-0.080290908,C
0.11113664,-0.013858912,C
0.096698452,-0.028519103,C
0.0741533,-0.051122617,C
0.070538048,-0.054742832,C
0.034595431,-0.090798471,C
0.097710395,-0.027958794,C
0.06271274,-0.063089596,C
0.050584998,-0.07549453,C
0.078189785,-0.047970254,C
0.059528521,-0.066799329,C
0.029528127,-0.096962639,C
0.120246241,-0.006321868,C
0.003519964,-0.123102313,C
0.055084224,-0.071698861,C
0.039910263,-0.087122725,C
0.064283245,-0.062856159,C
0.075601396,-0.051593223,C
0.049458306,-0.077804597,C
0.016275768,-0.11106321,C
0.07749679,-0.049869109,C
0.072853932,-0.054562591,C
0.02825013,-0.100263155,C
0.053099234,-0.075766144,C
0.037220382,-0.09169038,C
0.063888598,-0.065138107,C
0.041206818,-0.087825647,C
0.078375406,-0.050702147,C
0.055413075,-0.073670066,C
0.060581043,-0.068655747,C
0.050461956,-0.078820579,C
0.081838022,-0.047787473,C
0.042891709,-0.087460131,C
0.087047964,-0.043677593,C
0.011734658,-0.119036178,C
0.056430709,-0.074508941,C
0.055202416,-0.075917393,C
0.09921873,-0.032154258,C
0.057391333,-0.074009563,C
0.062994789,-0.068684759,C
0.077747342,-0.054067915,C
0.079631967,-0.052235797,C
0.032484202,-0.099390526,C
0.128967761,-0.003535825,C
0.102283627,-0.030263336,C
0.021551999,-0.111206516,C
0.049650011,-0.083169264,C
0.06626634,-0.067005826,C
0.113227648,-0.020123632,C
0.08042173,-0.052990747,C
0.085800322,-0.047612328,C
0.032274096,-0.101164647,C
0.059246637,-0.075133501,C
0.097558905,-0.03686871,C
0.057572158,-0.076989465,C
0.052430865,-0.08250602,C
0.008517044,-0.126466214,C
0.056180395,-0.078809016,C
0.06015291,-0.074945351,C
0.034435584,-0.100736994,C
0.120836322,-0.014539316,C
0.130392402,-0.005462635,C
0.00442822,-0.131742902,C
0.097389906,-0.038856318,C
0.046853082,-0.089578997,C
0.053336361,-0.083423715,C
0.061352445,-0.075600702,C
0.035210081,-0.101866082,C
0.078259698,-0.05948612,C
0.074270401,-0.063475523,C
0.090711948,-0.04788651,C
0.054229012,-0.084521165,C
0.062248698,-0.076622816,C
0.066837703,-0.072427061,C
0.055579266,-0.083718548,C
0.070154255,-0.069173453,C
0.041594308,-0.097999451,C
0.048372355,-0.091430709,C
0.07344901,-0.066402281,C
0.119283895,-0.020612883,C
0.071959114,-0.068607682,C
0.068716603,-0.071860928,C
0.0614322,-0.079161924,C
0.080277539,-0.060387007,C
0.119327888,-0.021444867,C
0.059790691,-0.081511201,C
0.098524818,-0.043221656,C
0.085294242,-0.056578185,C
0.082402658,-0.059505828,C
0.050580051,-0.091679668,C
0.057928244,-0.084727511,C
0.085289352,-0.057426513,C
0.08691119,-0.056080333,C
0.101027734,-0.042119666,C
0.058578043,-0.085400026,C
0.048455073,-0.096027273,C
0.047337988,-0.097805165,C
0.054991022,-0.090306944,C
0.079168712,-0.06634458,C
0.079750386,-0.065881433,C
0.101149895,-0.044652298,C
0.06790891,-0.077895598,C
0.0794532,-0.06692132,C
0.042394839,-0.104605563,C
0.078350126,-0.069359165,C
0.078247115,-0.069795571,C
0.073300766,-0.075694151,C
0.050442241,-0.099279211,C
0.064939712,-0.085333054,C
0.090546066,-0.059774337,C
0.059330291,-0.09214489,C
0.074072263,-0.07751504,C
0.093362039,-0.058642611,C
0.03773507,-0.114297868,C
0.08262777,-0.070029963,C
0.078893361,-0.073945531,C
0.056048797,-0.096876125,C
0.068460296,-0.084690393,C
0.106713406,-0.046459516,C
0.060177449,-0.09312299,C
0.067021958,-0.08649287,C
0.05683003,-0.097247394,C
0.120472413,-0.033656467,C
0.082894045,-0.071274824,C
0.070185062,-0.084579786,C
0.068433304,-0.086558735,C
0.082045786,-0.073003065,C
0.063915934,-0.091915658,C
0.049953966,-0.105911809,C
0.041952918,-0.114579699,C
0.059282791,-0.097644335,C
0.047345056,-0.109586049,C
0.07744815,-0.079508,C
0.095464396,-0.061881191,C
0.068220515,-0.089129981,C
0.053020045,-0.104425584,C
0.096276602,-0.061312591,C
0.03823627,-0.12086557,C
0.056034883,-0.103435947,C
0.048152342,-0.112729111,C
0.079562124,-0.08340669,C
0.067894689,-0.095189789,C
0.053824461,-0.109456929,C
0.085383995,-0.078976357,C
0.077656407,-0.087058037,C
0.041822206,-0.123577097,C
0.073276749,-0.092710234,C
0.065341868,-0.101624248,C
0.092161819,-0.075270944,C
0.084851274,-0.082653203,C
0.085456051,-0.082508023,C
0.062233422,-0.106475772,C
0.070691507,-0.099579358,C
0.090930785,-0.079805368,C
0.103773896,-0.068811052,C
0.102253751,-0.071307003,C
0.084761947,-0.088945655,C
0.074435115,-0.100834514,C
0.07042073,-0.10591108,C
0.078169946,-0.098429386,C
0.065126994,-0.111810436,C
0.068474864,-0.112644094,C
0.069288397,-0.111963175,C
0.094768449,-0.086714543,C
0.104101058,-0.083569273,C
0.087527976,-0.10118902,C
0.093661889,-0.097851693,C