sample	effect	p.value	padj	x
astrocytes	fixed	0.34003995200326903	0.5684710766455376	11.666666666666666
D15_pos	fixed	0.27292470950923364	0.5684710766455376	93.66666666666667
D30_pos	fixed	0.00847479858845593	0.03389919435382372	68
D50_pos	fixed	1.6094957010764664e-5	8.047478505382332e-5	85
smNPC	fixed	0.18949035888184587	0.5684710766455376	55.666666666666664
